IPCNum,id,title
B64,CN204776078U,一种飞机机轮安装与拆卸装置
G08,CN103262141B,飞机路径一致性监视
G08,CN100578559C,液压支柱反静摩擦旋转密封
G08,CN202600799U,飞机飞行参数实时下传装置
G08,CN105427673A,具有改进态势感知的飞机监测
B60,CN103552535A,自动充气救生衣
B64,CN204433036U,无鼓包飞机副翼结构
B64,CN2351322Y,机场摆渡登机车
F16,CN103452986A,一种轻型化抗疲劳自锁螺母及其制造方法
B64,CN202901638U,航空压力加油接头
B60,CN203573427U,禁止吸烟宣传警示装置
G08,CN103390355A,一种基于A-SMGCS系统的滑行道冲突检测方法
G08,CN201156293Y,导航无线集中监控设备
B64,CN101081644B,机翼定位和安装系统
B60,CN2427411Y,气垫船
G08,CN104346956A,广播式自动相关监视ADS-B自主防虚假目标欺骗办法
B60,CN101696956A,一种用于复合材料检测的便携式超声C扫描装置
F16,CN2499679Y,填油车式脚踏高压注油机
F16,CN104006280A,一种封闭轴承的注油方法及注油工具
B64,CN104494841A,复合电机组动力廻转索带牵引飞机弹射器
B60,CN103717492A,面向飞机侧部就座的飞机乘员的安全约束保护
B60,CN2496688Y,一种轮子
F16,CN101012007A,两级串联双腔缓冲器
B60,CN101626952B,"用于支持飞机机身结构和/或用于固定部件的装置,特别是连杆"
F16,CN204606238U,一种用于飞机维修的维修坞立柱
F16,CN203962931U,一种飞机轮胎维修用驱动装置
G08,CN103335774A,一种智能化飞机轮胎压力检测仪
F16,CN2427409Y,用于控制气垫船的浮升结构
F16,CN103967906A,一种超高强度MJ螺纹合金钢螺栓
B60,CN1775576A,具有不接触地驱动空气开口的空气分配系统
B60,CN1242834A,检测装置及其使用方法
B60,CN1312189A,陆海空交通座椅
B60,CN2875858Y,飞机赛车军警车高档车专用防爆胎轮胎
B60,CN2225996Y,健安器
B64,CN101548811A,不怕偷，不怕抢的手提箱
B60,CN2725102Y,兼具内装饰效果的橡胶密封条
F16,CN105626741A,二级阻尼能量吸收装置
B60,CN1245308C,具有端板的有翼气垫飞机
B64,CN102562827A,航空用涡轮/压气机高速轴承的冷却系统及方法与应用
B64,CN104494815A,一种飞机防滑刹车系统落地保护方法
F16,CN105041906A,多段式大功率高速多片湿式离合器
B60,CN103287585B,一种自然冷却节能型飞机地面空调车及其控制方法
B60,CN2220970Y,机动车船飞机弹力保险杠
B60,CN103253241A,机车清洗机
B64,CN102556339A,一种管理飞机在地面上运动的方法
B60,CN204124004U,灵活式飞机餐板座椅
G08,CN101739845B,基于航空数据链信息的民机航空电子验证系统及其方法
B64,CN105658520A,可线性展开的飞机座椅腿支架
B60,CN103786704A,飞机非相似余度刹车系统及其控制方法
G08,CN1459619A,一种飞机信息记录和处理方法
F16,CN203847973U,一种活门注油嘴加油接头
B60,CN104565211A,水源风源内外用齿轮多组联合加速发电装置
F16,CN204452945U,一种能量吸收式飞机座椅
B60,CN2512656Y,汽车座椅套
G08,CN104801935A,飞机铝合金异型座舱加工方法
B64,CN105398580A,飞机弹射装置
B64,CN104471808A,电流回路连接绝缘线束和将其安装在复合机身框架的方法
B64,CN103121194A,一种用于拼接大型机翼壁板的定位夹具及定位方法
F16,CN101357685A,重型装备空投自吸能减振货台
F16,CN2063895U,组合式轮胎拆装器
B60,CN104210983A,一种机械式飞机千斤顶
B60,CN105050848A,低能量核热电系统
B60,CN2695270Y,水陆空三栖飞行器
F16,CN204300050U,一种飞机前缘缝翼支撑肋上的零件安装结构
F16,CN1275689A,密封件环、片、条及其应用
B60,CN1134366C,飞机上所用的儿童座位
B60,CN101953670A,带式吸水器
G08,CN102231654A,基于数据链的航路气象信息通播服务装置及方法
G08,CN104890886A,用于飞机中的活塞马达的紧急运行模式
G08,CN101385059B,检测和规避目标碰撞的图像询问器及其方法和包括该图像询问器的飞机
B60,CN100513465C,飞机轮胎
F16,CN204175730U,一种双面胶装托板游动自锁螺母连接组件
B64,CN201604802U,三自由度惯性稳定航拍云台
F16,CN100478251C,两级串联双腔缓冲器
G08,CN100568140C,在着陆或起飞点附近帮助导航旋翼飞机的方法和装置
B60,CN204355282U,一种飞机用燃油防晃构件
B64,CN203093651U,飞机牵引车专用双向缓冲装置
B64,CN204846368U,多机型无人直升机通用主变速箱
B64,CN105501459A,一种航母舰载机的海水弹射装置
B60,CN103786704B,飞机非相似余度刹车系统及其控制方法
G08,CN205168909U,具有自适应感度的多轴植保飞机
B60,CN204870406U,折棚
G08,CN102426457B,一种微型扑翼飞行器飞控导航系统
F16,CN2825332Y,一种模型飞机或车辆用的轮胎
B60,CN1912406A,有选择地隔绝固源噪声的方法、叠层球窝接头、机械连接以及飞机
F16,CN103890438B,航空器的弹性系统
F16,CN103347781A,用于将部件紧固到飞机或航天器的结构部件上的紧固装置和紧固配件
B60,CN103158780A,不怕碰撞的新型汽车
B60,CN1887609A,飞行汽车
G08,CN100444138C,无线发动机监控系统
F16,CN204408924U,一种施肥装置及包含该施肥装置的植保飞机
F16,CN105041906B,两段式大功率高速多片湿式离合器
B64,CN204452941U,一种用于航模载重空投的简易快速投放装置
B60,CN1883971A,低成本开发杜绝事故发生防枪弹防爆胎安全环保节能轮胎
G08,CN102847324A,动态地控制遥控飞机的姿态以自动执行翻滚式动作的方法
G08,CN101465064A,终端区飞行冲突解脱方法和系统
B60,CN105000190A,一种飞机可拆卸口盖的密封结构
B60,CN1136111C,气垫船
G08,CN101471692B,无线电控制的模型装置及其控制器以及跳频模式选择方法
G08,CN103707870A,一种飞机电刹车作动器的活塞位置的获取和保护方法
F16,CN104742645A,具有可拆卸凸缘的飞机轮辋
G08,CN202876357U,一种玩具遥控飞机的控制装置
B60,CN101626952A,用于支持飞机机身结构和/或用于固定部件的装置，特别是连杆
B60,CN203940063U,一种飞机燃油系统可调式双向安全阀门
B60,CN105658476A,用于运载工具乘员的腿约束装置
B60,CN2357954Y,多功能座椅
G08,CN200985095Y,机场助航灯光检测车
B60,CN1044265A,飞机挡风板
B64,CN105644463A,用于交通工具的真空便器系统
F16,CN1530256A,柔性屏
B60,CN104976207A,一种定心螺栓及用该定心螺栓在飞机口框上硫化的方法
B64,CN104494813A,一种采用平板旋转桨叶推动装置的飞机
B60,CN2544976Y,一种内胎
B60,CN2089432U,安全带
B60,CN204368433U,一种基于SMA驱动的机翼除冰装置
F16,CN204489195U,喷气式直升飞机
F16,CN2113199U,椅用钢球锁紧装置
F16,CN203126829U,一种能够改善刹车性能的电液压力伺服阀
G08,CN103019216A,飞行环境监视系统综合监控方法及声光报警装置
B60,CN104442731A,全自动双轮轿车擦洁器
B60,CN103434412A,一种光电互补交通运输工具
B64,CN103171762B,起落架减振器和操作所述起落架减振器的方法
B60,CN1718480A,气囊式安全带
G08,CN101572016A,提供航班运行数据的方法及系统
B64,CN203476927U,一种安装激光跟踪仪靶标球的转接套
B60,CN2722913Y,一种公共场所空调系统用紫外线空气消毒装置
B64,CN101331060A,飞机部件的组装
F16,CN103452986B,一种轻型化抗疲劳自锁螺母及其制造方法
G08,CN1891544A,用于管理飞机起落装置的系统的分布式体系结构
G08,CN1218581C,旅客登机桥网络控制系统
B64,CN104619590A,控制表面驱动组件
B60,CN103287372A,一种基于图像处理的汽车防撞安全保护方法
G08,CN105374213A,城市交通远程动态监控系统
B60,CN103671692A,用于航天器运输工况改变的包装箱减振系统
B64,CN102562827A,航空用涡轮/压气机高速轴承的冷却系统及方法与应用
B60,CN204368436U,平开口风斗
F16,CN103591350B,一种用于飞机除冰液的先导型溢流阀
B64,CN204846368U,多机型无人直升机通用主变速箱
B64,CN105658520A,可线性展开的飞机座椅腿支架
F16,CN102734505A,多臂控制阀及交通工具燃料供给控制阀
G08,CN101176133A,飞机的地形回避方法及系统
B64,CN100372715C,制动器状态监测系统和方法
B64,CN101712292A,环保新型座椅
B64,CN203211137U,可坐可靠随意变形的客舱车厢座椅
F16,CN2566591Y,随机信号处理装置
F16,CN105008732A,销接头组件
F16,CN2302374Y,变力机器
B60,CN201692547U,一种安全保护装置
B64,CN204624752U,手推式航空装卸组合货桥
G08,CN105023468A,一种基于碰撞风险模型的终端区航线安全容限监测方法和系统
G08,CN105096663A,一种自动起飞和进近参考系统和方法
B60,CN2918113Y,基于现役轮胎的胎体减层轻量化军用航空轮胎
B64,CN204279163U,一种置于交通座椅靠背的双桌面折叠桌
G08,CN202193050U,一种新型的防碰撞系统
G08,CN102332214A,一种增强型机场场面监视系统
B60,CN101687545B,用于飞机起落架的减震器
G08,CN101968913B,一种森林火灾区域的火焰跟踪方法
F16,CN1522350A,流体装载系统
G08,CN1820289A,探测结冰条件的方法和系统
B60,CN2452831Y,汽车挡风玻璃雨雪风刮器
B64,CN1461898A,新型动力省力装置传动电能循环利用发动机
G08,CN101527087B,航班过台间隔的实现方法
B60,CN1104352C,装有整架飞机的超高速海上气垫船
B64,CN102581615A,一种用于翼身整体结构后段柔性工装平台
B64,CN203681373U,一种一载二折叠引桥道路救援车
B60,CN101095091A,飞机自动驾驶仪失效时的声音报警方法和设备
F16,CN105431657A,具有流体传输管道的周转减速齿轮及具有该减速齿轮的飞机螺旋桨涡轮机
B64,CN103742581A,一种地面振动试验悬浮支持所用空气弹簧
G08,CN104054115A,用于避免地面上的飞机与障碍物之间发生碰撞的方法和系统
B64,CN104743122A,一种飞机客舱下拉式行李箱
F16,CN204258183U,一种飞机电缆卡箍
G08,CN101996501A,一种面向航班延误的新解决方法
B64,CN102720602A,一种新型油管及其应用
B60,CN200977833Y,免充气防爆轮胎
F16,CN103291778B,一种双操纵飞机操纵系统的解脱机构
G08,CN102436764A,通过历史数据挖掘航班管制因素的方法
B60,CN2294864Y,驾驶室(舱)前窗电动遮阳装置
F16,CN203463834U,一种飞机用液压转动接头
F16,CN205045008U,新型飞机轮挡
G08,CN1846238A,无线发动机监控系统
B60,CN1519139A,双体型汽车轮胎
B64,CN104791557A,一种热熔密封飞机地面空调送风软管及其制备方法
F16,CN104295631A,磁阻式微型离合器
G08,CN101510364A,降低屏幕显示复杂度的装置和方法
B64,CN200945896Y,电动自行车
F16,CN104443348A,一种用于提高涡桨飞机防冰板声学性能的设计方法
B60,CN2631826Y,高矮可调的肩抱式交通安全椅
B60,CN101465043B,螺丝、螺栓及其检测系统
B64,CN100474355C,用于辅助机场内飞机地面导航的系统
B64,CN102554821A,一种外前襟翼定位器
B64,CN104002972B,三体舰潜艇飞机
F16,CN103954340B,顶升式飞机称重转接器
B60,CN203845024U,一种飞机牵引设备
B64,CN2717751Y,一种新型座垫套
B60,CN104787310A,一种具有起飞线刹车能力的飞机正常刹车系统
B60,CN104369771A,减少雾霾的方法及移动式交通工具
G08,CN101694752A,空域运行仿真中冲突的自动检测和调解系统及方法
F16,CN103291778A,一种双操纵飞机操纵系统解脱机构
G08,CN103400465A,一种多功能高集成的消防安全预警应急系统装置
G08,CN102930748A,通过ACARS数据链监视飞机状态的方法
B64,CN1217048A,陶瓷金属复合材料制动部件及其制造
G08,CN101582203B,一种空域运行仿真中飞行流引擎的实现系统及方法
G08,CN103188757B,基于分簇网络感知技术的火情趋势分析方法及系统
B64,CN105051124A,用于制造用于飞机的逃生路径标志的方法以及这种逃生路径标志
F16,CN104925260A,用于控制飞机座舱中的压力的方法和系统
B60,CN1068878A,扭力平衡弹簧
B64,CN104477421A,登月天梯
B64,CN204527619U,一种多功能集成钩环锁
B60,CN1827422A,汽车驾驶员座椅的气囊底架
F16,CN204805794U,一种飞机用可破拆接头
G08,CN101692315B,基于实时雷达数据的高精度4D飞机航迹分析方法
B60,CN1533458A,天然和/或合成纤维的扁平针刺法无纺布
B64,CN104743125A,一种单级DDV舵机电流保护策略
B60,CN102050106B,配装有机电致动器的飞机制动器的电源结构
F16,CN103591350A,一种用于飞机除冰液的先导型溢流阀
B64,CN101428689B,缓冲相对运动的能量吸收器装置
F16,CN204473151U,民用飞机滑行防撞系统探测组件工装
B60,CN102141129A,双旋翼主减速器的第一级天平摇臂机构
B64,CN101443236B,改进的座椅
B64,CN102358433A,高压力飞机空调车
F16,CN2535640Y,铝合金型材、管材
F16,CN102656089B,飞机发动机单元体运输托架
B64,CN102581615B,一种用于翼身整体结构后段柔性工装平台
B64,CN101331060B,飞机部件的组装
F16,CN105626744A,飞机起落架二级混合减震方法
B64,CN204489181U,可变电机角度四轴垂直起降固定翼复合无人机
G08,CN101093617A,安全着陆器
B64,CN202110650U,姿态感应式无线电比例遥控设备
B64,CN203889062U,一种飞机液压防滑刹车系统
B60,CN202632441U,电力铁塔警示器
B60,CN202242807U,一种组合式内胎
F16,CN204729876U,飞机加油溢流阀的安装结构
B60,CN1803500A,汽车撑地式刹车方法
B64,CN103121194B,一种用于拼接大型机翼壁板的定位夹具及定位方法
F16,CN105644773A,钨合金飞机配重平衡块及其制造工艺
F16,CN201737162U,蜗轮蜗杆回转支承台
B60,CN103337199A,一种适用于机载防撞系统的多维机动防撞方法
B60,CN204383237U,一种新型可调车座套
B64,CN104787300A,确定复合结构的完整性的方法和设备
G08,CN204807135U,微型无人机机载车辆尾气检测系统
F16,CN204433046U,一种失效安全解锁装置
G08,CN101171495A,在进场着陆的阶段对飞机飞行驾驶辅助的方法和装置
G08,CN102436765B,一种用于机载防撞系统的接口适配方法
B60,CN101000032A,风力、水力多功能发电机
F16,CN205244267U,钢球式离合器的机械换档机构
G08,CN105329450A,机载燃油系统远程接口单元
B60,CN103791056A,改变目标装置运动速度的变速装置及冲撞试验装置
B60,CN1502489A,轮胎气体高效散热装置
F16,CN203703442U,一种波纹管式球形接头
B60,CN1640695A,双体弧拉芯夹式轮胎
F16,CN103574188A,例如波纹管的柔性管状模压体及其制造方法
B60,CN101472798B,飞机机身损坏区域的维修方法
B60,CN105263803A,扶手装置
B64,CN204415717U,一种汽缸座组件
F16,CN2856205Y,在线式真空集便器装置
B64,CN204473121U,一种多旋翼无人机电机座
B60,CN100519234C,飞机轮胎
B60,CN2663195Y,飞机除冰车行走控制机构
B60,CN1480364A,制动防抱死装置
F16,CN105637259A,用于周转减速齿轮的行星架
G08,CN100497054C,用于管理飞机起落装置的系统的分布式体系结构
B60,CN101066704A,飞机的供电装置
G08,CN104240541A,一种4D航迹生成方法
F16,CN1420044A,电磁安全带
B60,CN104973249A,带有可抛放的隐形外壳的执行器
F16,CN103052824A,盘式制动器的双向制动方法及其制动机构与应用
B60,CN202022118U,一种飞机的坐垫结构
G08,CN103343796A,一种用于便携式设备的动力系统及实现方法
B64,CN204489176U,一种无尾飞翼布局飞机的阻力方向舵
F16,CN103447988B,自适应柔性托扶定位机构
B60,CN104608932A,一种飞机发动机防护装置
B60,CN203318372U,机车清洗机
B60,CN101140011A,用于旋翼式飞机的串联叠置的角面接触轴承
B60,CN103578298A,显示飞行计划的方法
B64,CN102333676A,在飞机中的用于多个人员的照明装置
B60,CN102341306B,座椅布置、座椅单元、托盘桌以及座椅系统
B60,CN1239762A,真空隔热保温型材的构造及制造
G08,CN100570668C,广播式自动相关监视信息安全传输系统
F16,CN104203542A,复合结构元件和方法
B64,CN100491202C,数字化装配有空间复合角度定位器工装的方法
F16,CN104229117A,自平衡压力隔板
G08,CN103810907A,用于在恶劣天气下着陆期间增强飞行员决策的系统和方法
F16,CN204357907U,航空飞机防松螺钉
F16,CN2442073Y,新型快卸自封接头
B64,CN102802867B,用于在空间上定向至少两个子组件部件的装置和方法
B60,CN1084127A,有足有翼车
B60,CN1034899A,货物运输装置
F16,CN204776050U,一种飞机传感器保护罩固定装置
B60,CN105143731A,齿轮、凸轮无级变速器及其交通工具
G08,CN102682541A,高压输电线警示器
F16,CN203703479U,一种压力平衡型管路补偿器
B64,CN204279930U,一种机械式起落架顺序控制作动装置
G08,CN103136966A,用于控制航运系统运行的系统和方法
G08,CN103489335A,一种多目标优化的飞行冲突解脱方法
F16,CN105673651A,一种防松动锁定机构
G08,CN1441909A,应答器着陆系统
B60,CN2495497Y,运输工具上的风力电能组合装置
G08,CN2575000Y,一种机场用的逆变电源车
B60,CN100333968C,飞机机轮轮轴组装机构
F16,CN1164689C,用于飞机碳/碳刹车盘防氧化涂层及其涂覆工艺
B64,CN104653666A,用于修复和使用具有螺柱的后定子型制动盘的方法
G08,CN103413466A,机载可视化地面引导和告警装置及其引导和告警方法
F16,CN204340836U,直升飞机船用及机场用加油车
B60,CN103700287A,通过传感器脉冲执行交通工具防撞警告的系统和方法
F16,CN105667206A,一种便携式机轮拆装装置
B60,CN2378252Y,附加紧急制动装置
B64,CN103603926A,一种飞机舱门开闭传动机构的减速装置
B60,CN104976207A,一种定心螺栓及用该定心螺栓在飞机口框上硫化的方法
F16,CN1193963C,耐磨制品
B60,CN103552536A,自动充气救生衣装置
F16,CN202883649U,内膨胀系列防松螺栓
B60,CN1068298A,车轮制动防抱装置
G08,CN101276521A,机场跑道警示系统
B64,CN205221133U,弹射器
B64,CN205203369U,一种飞机用升降舵连接结构及具有其的飞机
G08,CN100509560C,机翼调节
F16,CN103122900A,制备可高度变形的钛和钛合金单件紧固件的方法和由此方法制备的紧固件
B60,CN204507254U,直升飞机
B64,CN203293951U,飞机乘客座椅后背颈椎部摆动式靠枕
B60,CN2247615Y,机动车制动应急辅助装置
B60,CN2546246Y,一种汽车、飞机座椅的枕颈装置
F16,CN204587328U,飞机锁紧栓组件
G08,CN103489336B,一种适用于广域空中交通流量调控的方法
B64,CN104500608A,一种超轻型直升飞机柔性联轴器
G08,CN101483490A,使用于大众运输系统的目的地提示系统
B64,CN204802100U,电动无杆飞机牵引器
B60,CN1674050A,智能公厕管理系统中的单片机应急求助信息显示装置
F16,CN105378340A,旋转促动器
F16,CN204357883U,航天安全锁定螺钉
B60,CN1601568A,反劫持飞机、车辆、船舶、金库预警控制装置
B60,CN203651583U,一种航空地勤保障车
B60,CN103072697A,用于飞机引擎底座的具有反馈和前馈控制的主动消振和振动隔离
F16,CN204548514U,一种油箱口盖密封装置
B64,CN102513950A,一种飞机框型架类框缘定位器
F16,CN105564228A,一种电磁发电机、发动机的汽车
B64,CN104477374A,一种高升力翼飞机
F16,CN101555943A,密封垫
B64,CN101384482A,用于飞机的能量吸收器
B64,CN204433042U,一种降低飞机尾流的襟翼
B60,CN104787311A,一种飞机全电刹车系统及飞机电刹车余度控制方法
F16,CN202883826U,一种制动装置
B60,CN100450822C,空气调节座椅及用于通风座椅的空气调节装置
B60,CN203952992U,储光杯座
B60,CN101465043A,固定元件及其检测系统
B64,CN1240583C,飞机救援车
F16,CN2463597Y,低转数消声尼龙轴承
B64,CN103085790B,飞机制动系统结构
G08,CN100423032C,飞机内部用的监视系统
F16,CN105620232A,一种飞机驾驶舱遮阳装置
G08,CN104512209A,铰接车辆过渡装置或飞机登机桥或乘客舷梯遮棚的折棚
G08,CN1956680A,生物信息检测装置
B60,CN1019469B,可变贮运罐体
F16,CN105626744A,飞机起落架二级混合减震方法
B60,CN104229159A,一种飞机清洗车
B64,CN103552685A,一种飞机防滑刹车控制方法
B64,CN105620424A,一种带有雨量信号的飞机风挡雨刷系统
G08,CN103038646A,检测飞机前方不利大气条件的系统和方法
B60,CN204399487U,一种高速飞机安全气囊
B64,CN101224740A,一种防抱死方法
B64,CN105083580A,航母喷气弹射器
G08,CN105185165A,用于显示所需导航性能参数的方法和系统
B60,CN1184742A,智能制动防抱死系统
B60,CN102754136A,烟雾报警器
B60,CN2516751Y,螺旋减速器
G08,CN101236434A,一种无人机多模态控制与切换方法
F16,CN201096155Y,飞机起落架制动刹车盘副
B60,CN1799886A,冲气式飞船制造方法
B60,CN1059313A,悬挂式卫生箱
B60,CN2190038Y,气流冲击旋转式飞机轮胎
F16,CN204507278U,一种飞机通用吊挂设备
G08,CN103019113A,机载3G通信模块的开关控制装置及机载无线通讯系统
G08,CN203805801U,基于通用OLED曲面的行驶环境显示及控制系统
G08,CN1880790A,制动加力器
F16,CN105556248A,用于飞机的地面制动警报
B60,CN1886639A,用于展现信息的方法和系统
B60,CN201745408U,双动力飞机空调车
B64,CN103538500A,交通安全座椅高矮调节装置
B64,CN1012152B,离心扩压式推进器
B60,CN104760524A,一种可折叠式头靠遮光睡椅
F16,CN202624643U,一种飞机辅助动力装置漏油收集接头
F16,CN104763861A,飞机高温导管隔热包覆方法
B60,CN103465807A,系列座卧两用交通工具及其单独座卧两用椅
F16,CN203248892U,一种多用途回油接头
B64,CN204623854U,军用航空货物装卸组合货桥
G08,CN103927838A,一种烟雾热成像火灾自动定位探测系统及方法
B60,CN2818239Y,气囊式安全带
G08,CN104183098A,一种反劫持系统与方法
B60,CN1254660A,一种蹼爪和链条可伸缩的防滑车轮和轮胎
B64,CN203753111U,飞机安全辅助制动装置
B60,CN103552535B,自动充气救生衣
G08,CN102176272B,一种飞机机舱烟雾探测系统试验方法
B60,CN203358396U,一种气凝胶减震座椅
F16,CN1668503A,拦阻网
B64,CN203330919U,气源导管定位装置
B60,CN1057048C,乘客座椅
G08,CN103824447A,针对公共交通工具的预约式换乘方法及装置
F16,CN101346278A,燃油箱阀
B60,CN104500670A,飞机电刹车用内循环滚珠丝杠组件
F16,CN204512096U,一种快速拆装的紧固螺栓结构
B60,CN203528218U,飞机轮胎充气嘴
F16,CN202926807U,一种新型的地脚螺栓
G08,CN105070005A,一种多旋翼无人飞行器及遥测遥控方法
F16,CN1291173C,双元炭基体优化组合的飞机炭刹车盘制造方法
F16,CN104315112A,飞机场输送机构减速半轴
B64,CN105523179A,一种飞机刹车压力反馈调节系统及方法
B64,CN201100356Y,一种喷嘴式耗能器
B64,CN204399488U,一种遥控型无杆飞机牵引车
F16,CN101988570B,用于飞机缝翼作动器的齿轮齿条的设计方法
B60,CN204726658U,一种飞机数字化全电刹车系统
B64,CN105387111A,一种电磁阻尼器
B64,CN204279949U,一种新型无人驾驶飞机
G08,CN101710452B,编队飞行模式控制方法及装置
F16,CN105650190A,起落架缓冲支柱内腔充油装置
B60,CN104859843A,用于主动空气流控制的等离子体辅助合成射流
F16,CN101932504A,用以简化固定导管的固定件的安装与固定的飞机机身单元结构
F16,CN105539861A,一种根据气压差进气的活门装置
F16,CN101244766A,一种节能减排机场
G08,CN101308609A,利用虚拟领航机进行空中交通管制系统及其运行方法
B60,CN1245120A,飞碟型水陆空三栖航行器构造运行及操作方法
F16,CN204383752U,一种用于飞机驾驶员座椅靠背的调节装置
B60,CN1610719A,具有降低的可燃性的聚甲基丙烯酰亚胺泡沫塑料及其生产方法
G08,CN103680214A,优化的飞行方案管理系统
G08,CN100483477C,基于实时雷达和飞行情报的短期空中交通流量预测方法
F16,CN1106510A,永磁悬浮减震器
G08,CN2436988Y,多功能动态显示人行信号装置
B64,CN204328150U,一种提升调压能力的起动控制阀
B64,CN204587333U,一种方向舵位置调整测量夹具
B64,CN204895841U,一种设置有缓冲器的支臂式主起落架
F16,CN204300576U,一种管路的双层隔热连接结构
F16,CN1463891A,航空服务车
B64,CN103889779A,货物输送车辆
G08,CN201978498U,多功能体验式遥控系统
B64,CN204297060U,一种民用无人机尾翼拉杆结构
F16,CN105626738A,飞机起落架混合减震方法
F16,CN103996263A,一种采用烟雾气体传感的吸气式飞机货舱火灾探测器
B60,CN2651147Y,房屋形轮档
B60,CN104487757A,用于诸如航空器之类的乘客运输工具上的氢的可移除存储
G08,CN105565837A,一种碳陶复合材料的制备方法及其应用
F16,CN2302159Y,绝热板
F16,CN204587332U,一种飞机静力试验支持件
F16,CN104019252B,一种具有温度调节功能的空气混合分配装置
B60,CN104743124A,重力连续发电为驱动力的直升飞机
G08,CN102056778B,具有用于控制设置在飞机制动器上的电动机械致动器的推动器的锁定件的装置的电气制动回路
F16,CN203036104U,飞机用玻璃钢复材通风零件
B60,CN1107788A,带有椅垫的，交通运输用，特别适用于飞机的座椅
B64,CN103195852A,一种机械最优化的液体惯性减振器和飞行器塔式系统
G08,CN203300000U,用于飞机供电室的防触电报警器
G08,CN2708444Y,一种可用于大巴车、铁路客车及飞机的网络化的影音系统
G08,CN103489337A,一种基于改进的局部搜索策略的空中交通流量调控方法
G08,CN103188757A,基于分簇网络感知技术的火情趋势分析方法及系统
F16,CN204587301U,一种用于轻型通用飞机操作系统的柔性传动机构
B60,CN104663099A,一种施肥装置及包含该施肥装置的植保飞机
B60,CN101003303A,水陆两栖喷气式直升机整体结构及空气动力方法
F16,CN204587326U,小型飞机牵引杆
B60,CN1300686A,车载语言复读机
G08,CN104691773A,使用配置软件部件的飞机配置和软件部件管理
B60,CN104769484A,用于显示真实图像的装置的使用方法
F16,CN104507662A,混合构件和制造方法
F16,CN1055049C,大型异形铸型尼龙燃油箱制造方法
B60,CN104477057A,坐睡交通椅
F16,CN104265745B,一种用于飞机口盖的高强度快卸紧固件
B60,CN1131627A,机动车制动应急辅助装置
B64,CN202115408U,飞机食品车专用接机车箱及飞机食品车
F16,CN203879891U,一种飞机用空心螺栓及紧固结构
G08,CN1417591A,联合雷达/自动回报监视环境中的航迹资料融合处理方法
B64,CN103192330B,一种民航客机反推C涵道的修理夹具
B60,CN101066704B,飞机的供电装置
B60,CN104709020A,车风飞械、飞船机、机动车风、机电力风车、电动部架吹风机、电池动转车飞、飞天客车
B60,CN104943476A,经纬带轮胎内胆
B60,CN1593983A,一种具有流动、连锁和福利性的社区服务方法、设备与设施
B64,CN204399474U,无人飞机上的伸缩动力臂
B60,CN1076558A,汽车电器自动保护器
G08,CN104760701A,利用喷气推进系统实现降落的火箭背包
F16,CN104828260A,一种三段式空间运载系统
F16,CN102439646A,轨迹跟踪飞行控制器
F16,CN104507662A,混合构件和制造方法
F16,CN1123377A,无级变速机械系统
F16,CN101091016A,簇绒的非织造织物和粘合非织造织物
B60,CN104229159B,一种飞机清洗车
B60,CN1934596A,驾驶员知觉适应性测试的方法和系统
B60,CN100365272C,主动被动两用网布桨叶
G08,CN102831788A,用于改进预测路径显示输出的系统和方法
B64,CN1703526A,飞机内的滚动轴承
G08,CN1900984A,周界全天候防范系统
B60,CN100441482C,飞机座椅和座椅结构
B64,CN103407578A,一种变频飞机地面空调车
G08,CN104376744A,用于提供指示所需到达时间的显示的显示系统和方法
G08,CN104299455A,机场特种车辆自动驾驶系统
B60,CN204805365U,一种航空动力附件传动的转接装置
G08,CN103514761A,用于滑行道交通警报的方法和系统
G08,CN103489335B,一种多目标优化的飞行冲突解脱方法
G08,CN104753566A,一种用于飞机客舱内的通信系统
B64,CN201371948Y,飞机发动机减震架
B64,CN103573950A,动力杠杆增能装置
B64,CN2677207Y,飞机专用轮胎
B64,CN2463314Y,空港货物摆渡升降车
B60,CN104691775A,外置式再生制动技术
B60,CN2792839Y,多子胎自补防爆轮胎
B60,CN1738723A,"飞机安装组件,机轮及轮胎"
B64,CN204433041U,飞行器舵面传动结构
B64,CN105156790A,一种发动机与进气道连接装置
F16,CN1681706A,飞机或列车用的模块式厨房、该厨房用的壁和模块及安装有它们的飞机或列车
B60,CN2196083Y,一种使飞机轮胎自动旋转的叶片
G08,CN103325193A,基于无线传感器网络的机场跑道入侵防御系统及方法
B60,CN204606237U,移动式液压系统综合保障装置
F16,CN104019252A,一种具有温度调节功能的空气混合分配装置
B64,CN202529142U,海用型无人机舱段间密封和监测机构
B60,CN2574946Y,一种飞行汽车
B60,CN1307992A,安全带防暴力装置
B60,CN201432606Y,模块化、组合化多功能车
F16,CN101555943B,密封垫
F16,CN203847768U,一种飞机货舱灭火系统状态的转换控制阀
B64,CN104590583A,一种用于超轻型直升飞机主框架的工装
B60,CN204415744U,一种超轻型直升机专用运输轮
B60,CN101318481A,系列交通工具安全座椅及其头枕
B60,CN1980817A,绝缘方法
B60,CN1247141A,装配在长途汽车或飞机靠背椅靠背部背后的折叠桌子
B60,CN1042815C,两用车
B60,CN1699085A,一种汽飞车
F16,CN103447988A,自适应柔性托扶定位机构
B64,CN104443429A,一种挂梁式机翼活动部件中立位置卡板结构
B60,CN1767962A,两栖车辆悬架
B64,CN102069711A,锁档装置
G08,CN104670447A,带高效短距滑行或垂直起降飞机装置的航母、舰船、水陆喷气跑道
G08,CN104252768A,用于飞机存储室的有害气体报警器
G08,CN102024344A,民用机场场面监控系统
F16,CN104482089A,一种飞机标准件弹簧计算方法
F16,CN1438945A,具有改进胎边的飞机轮胎
F16,CN203214995U,卸荷式气体减压阀
B60,CN101698127B,一种可变形的游戏遥控器
G08,CN1588477A,飞机场接送站车辆搭载系统
G08,CN102483878A,标准移动通讯设备分心防止和安全协议
B64,CN102390229A,潜水飞机机翼变换机构
G08,CN105408175A,飞机制动系统
F16,CN104791508A,确定飞机制动阀阀芯与阀套之间环形间隙的方法
F16,CN2480199Y,无拖杆牵引车抱轮机构的安全门锁装置
F16,CN1064055A,防爆油箱
B60,CN204383106U,折棚
B60,CN101016036B,系列座卧两用交通工具及其座卧两用椅
G08,CN101534247A,配载信息处理方法、设备及系统
G08,CN105531748A,降落判断辅助系统、降落判断辅助方法以及降落判断辅助程序
G08,CN101665128A,用于高压输电线路检测的机器人
B64,CN102991488A,具有自适应能力的刹车系统恒力矩控制方法
B60,CN204415192U,座椅休憩辅助带
F16,CN105667207A,一种飞机机轮拆装机构
B60,CN202867965U,新型飞机水车污水罐排气帽
B60,CN2074728U,灯光监视器
B64,CN205207426U,一种外环开槽关节轴承
B60,CN1982094A,多子胎自补防爆轮胎及自补方法
G08,CN101527089B,基于地形数据的近地告警方法及系统
B64,CN105523178A,一种飞机双余度防滑控制系统
B60,CN102971214B,用于用户接口设备的连接支撑系统及方法
B64,CN104554818A,一种双层折叠式飞机牵引杆
G08,CN1666239A,用于离开航线飞机管理和警报通信的航空电子系统和地面站
B60,CN203449981U,改进的系列座卧两用交通工具及其多用途座卧两用椅
B64,CN105526219A,旗杆套管
G08,CN103413463A,一种ADS-B目标和雷达目标的数据容融合实现方法
G08,CN103473956A,基于改进蚁群算法的终端区进离场航线网络三维优化方法
B64,CN204433083U,一种飞机除冰车工作斗防碰撞设备
G08,CN102073846B,基于航拍图像的交通信息获取方法
B64,CN1919627A,竖向平移式空间多连杆独立悬架
B60,CN100474354C,用于辅助机场内飞机地面导航的方法和装置
B64,CN205168878U,一种轻便平稳的新型植保飞机
F16,CN103842704A,同轴管道系统的静电键合
B60,CN1398331A,无泄漏的气压式调节器
B64,CN105523186A,一种用于除湿/霜/冰的合成热射流激励器及应用
B60,CN104670497A,遥控植保飞机施肥系统
F16,CN105539296A,解决运载工具后侧盲区视线、扩充宽度视线的方法及其后视镜片
B64,CN1174520A,处理大气的方法和设备
G08,CN104346957A,用于突出显示围绕飞机的无险区域的系统及方法
B60,CN1400410A,非密封机械连接的密封方法
B60,CN102123912A,在飞行器旋转系统如直升机旋翼中减振的方法、设备和系统
B60,CN101575003B,用于飞机的飞机起落架总成
B60,CN204367992U,交通工具
B64,CN204548510U,机舱防水槽
G08,CN101201978A,基于实时雷达和飞行情报的短期空中交通流量预测方法
F16,CN103052824B,盘式制动器的双向制动方法所采用的制动机构及系统
F16,CN203082389U,玻纤增强中空壁聚乙烯缠绕管
F16,CN104315010A,双板式离合器机构和包括双板式离合器机构的机械变速器
B64,CN1304847A,空气悬浮轨道式高速飞车
F16,CN102425591A,一种带有弹簧装置的快卸锁
B64,CN203517047U,飞机地面空调送风软管
B60,CN104626693B,一种新型轻质结构材料及其制备方法与应用
G08,CN202979160U,基于全景点智能视频监控的机场跑道监控系统
B60,CN2573315Y,一种座椅头枕
B60,CN103522836A,一种飞机机轮拆装车
G08,CN203337177U,适用于渤海湾水上软刚臂系泊系统的现场监测预报系统
B60,CN101024424A,用于飞机引擎底座的具有反馈和前馈控制的主动消振和振动隔离
F16,CN105626763A,飞机起落架二级减震防护方法
G08,CN101093617B,远程引航系统
G08,CN201081790Y,舱内空气质量报警及处理装置
F16,CN105508487A,双阻尼与双发电复合型减震装置
B60,CN104908923A,用于飞机的窗户
B60,CN204236291U,安全椅
B60,CN2137309Y,陶瓷剖分式滑动轴承
B64,CN103287408A,"用于飞机轮子的电动制动器,该制动器包括配装有温度传感器的机电致动器"
F16,CN104843189A,一种催化燃烧惰化油箱的装置及其方法
B60,CN104616904A,磁弦射频量子色动力超级功放电容超级功放变压器磁碟陀螺旋翼量子色动力发电发动机汽车
F16,CN104895970A,一种用于飞机刹车装置的隔热板组件
G08,CN103559805A,基于北斗及惯性导航的高精度3G视频车载定位系统
G08,CN102203557B,用于要求抵达时间性能显示的方法和系统
F16,CN1129496A,PTC器件在配线系统中的应用
F16,CN1818174B,折棚的织物层
B64,CN204507245U,一种飞机侧杆操纵肘托装置
B60,CN204489207U,一种飞机隐身测试用转接件
B60,CN1086770A,螺旋弹簧式胶轮内胎
G08,CN101110164A,一种ADS－B管制工作站数据处理系统
B60,CN1586929A,安全轮
G08,CN102881188B,一种广播式自动相关监视目标的航迹建立方法
F16,CN203336187U,一种用于地板斜面加载装置固定的限位器
G08,CN101992699A,太阳能无人飞船
B64,CN104443353A,一种变翼飞机
G08,CN101527086B,航班时隙分配的实现方法
B64,CN102059549B,基于四个数控定位器的飞机发动机调姿安装系统及使用方法
B64,CN104760692A,一种飞机正常刹车系统
B64,CN204383396U,座椅防滑面料结构
G08,CN102385072B,一种应用于空降空投的气象引导方法以及系统
B64,CN104443352A,一种具有安全起落架的小飞机
B60,CN1053622C,具有改进胎面冠顶加强结构的偏置轮胎
B60,CN2401404Y,前伸式气囊电动风扇运输车
B64,CN205203367U,一种飞机
G08,CN104464385A,基于无线传感器网络的机场停机位检测系统及检测方法
G08,CN101799989A,交通工具定时提醒系统和方法
G08,CN101989374A,海洋风暴潮灾害预警系统及方法
G08,CN101599221A,防止飞行器登机桥之间的碰撞的系统
B64,CN204415706U,一种管式超轻型直升飞机的机架
F16,CN204660028U,一种双发动机的自转旋翼飞机
B64,CN103171762A,起落架减振器和操作所述起落架减振器的方法
F16,CN105526284A,一种飞机炭/炭刹车盘U型键传力装置
G08,CN103473958A,在地面操作期间显示避障信息的系统和方法
B64,CN2227048Y,载人仓体内桁架式卧、座铺
F16,CN205168911U,新型便携式植保飞机
G08,CN102063804A,TCAS与S模式应答机的收发电路的集成方法
B60,CN101980918B,用于对交通工具的内部空间加衬层的顶部嵌板
B60,CN204548520U,飞机拦阻索的回收支撑器
B60,CN103388635A,用于飞机轮子的制动器
B64,CN203770572U,改变目标装置运动速度的变速装置及冲撞试验装置
B60,CN102183323A,固定元件检测系统
B60,CN103318154A,用于飞机的机电式制动系统
F16,CN2544161Y,一种薄壁不锈钢管接头
F16,CN102927347A,应用在飞机氧气浓缩器系统上的三通电磁阀
F16,CN204300386U,水上起降飞机水密舱排水阀
B64,CN204473133U,新直升飞机
F16,CN204587327U,飞机锁紧装置
F16,CN103791192A,用于固定双层蒙皮管道的连接器和获得的组件
F16,CN202991996U,起落架缓冲器泄压装置
B60,CN103337199B,一种适用于机载防撞系统的多维机动防撞方法
F16,CN201632818U,一种飞机发动机安装车
G08,CN102231243B,用于推选航前离场方式的数据处理系统及方法
B60,CN203819058U,一种牵引搬运车
B60,CN101492097B,飞机旅客登机桥的数据和能量传输系统
B60,CN1890124A,基于活性材料的气流控制设备
B60,CN104100667A,一种单体圆柱形多向等刚度全金属减振器
G08,CN102568249B,一种基于动态空域容量的飞行流量告警方法及其系统
F16,CN204436991U,一种可伸缩定位销
G08,CN100483148C,具有自动检查临近区域以及雪、雾检测功能的飞机进站系统和方法
F16,CN103089798A,滑动轴颈轴承
B64,CN104002784A,一种多轮系刹车机轮的刹车控制系统
F16,CN204623847U,一种新型飞机行李箱锁结构
B60,CN104590503B,一种用于船舶、飞机的太阳能光伏供电求救装置
F16,CN102691798A,接头密封系统
B60,CN2556078Y,一种车载大屏幕安全翻转支撑装置
B60,CN204415713U,一种超轻型直升飞机同步脚蹬
G08,CN102364553A,基于TCAS系统的区域空域管理监视系统
F16,CN102815406A,线密封开口汽缸单向蒸汽弹射器
B60,CN101018691A,具有与温度传感器连通的控制器的温度调节装置
B64,CN104973244A,用于旋翼飞行器的旋翼臂组件及其装配方法
B60,CN204291244U,电力无人直升机可见光精确检测系统
B64,CN101954565B,翻边轴承的更换工艺
B64,CN204473146U,飞机座椅安全自动检测装置
B60,CN2908208Y,防枪弹飞机赛车军警车高档车专用防爆胎安全环保轮胎
F16,CN1396565A,用于生成烟气溶胶的方法和装置
B60,CN103223938B,一种用于飞机电刹车无刷直流电机的灰色滑模控制方法
B60,CN2512655Y,分离式多座位汽车座套
G08,CN202193050U,一种新型的防碰撞系统
B64,CN105438486A,一种机身尾部保护系统
G08,CN1491408A,飞机最近点通过时刻等的测定方法
B64,CN103373476A,飞机机翼壁板形面检测加工的柔性工装及检测加工方法
B60,CN203952992U,储光杯座
B60,CN104943471A,包括建立轮子内泄漏路径的管道的飞机轮
B64,CN204433080U,一种双层折叠式飞机牵引杆杆身结构
B60,CN105383322A,一种氢能纯电动动力总成
B64,CN104321572A,飞机厨房管道系统的紧凑型空气止动阀
G08,CN101572016B,提供航班运行数据的方法及系统
B64,CN204507295U,一种口框硫化橡皮层的保护装置
F16,CN205207671U,一种双密封胶条的油箱口盖
B60,CN200977876Y,系列座卧两用交通工具及其座卧两用椅
G08,CN103413461A,一种用于飞机安全的综合监视系统及其监视方法
B60,CN102236954A,记忆遗忘提醒器
G08,CN102915652A,飞行器交通分离系统
G08,CN100541370C,一种无人机多模态控制与切换方法
B64,CN105026228A,节约电力的电制动系统以及操作该系统的方法
G08,CN102509434A,机场塔台飞机油量远程查询系统
F16,CN105626875A,水上起降飞机水密舱排水阀
B60,CN2106091U,免充气轮胎
F16,CN103991514A,无轴式平衡装置
G08,CN102721976B,无线遥测移动式地震观测仪器
B64,CN104175941A,一种直升飞机运输车
G08,CN204010256U,飞机跑道上飞机状态的检测报警系统
B60,CN104491993A,高空救生装置
B60,CN2121371U,自调式航空和汽车水平座椅
B60,CN103223938A,一种用于飞机电刹车无刷直流电机的灰色滑模控制方法
G08,CN201918032U,一种飞行器低空飞行防撞的装置
G08,CN1701346A,用于在预定区域内监视人员－特别是飞机乘客的设备
B64,CN204674833U,一种自转旋翼飞机的农药喷洒装置
B60,CN203294315U,动力装置的支撑结构
G08,CN103701488B,具有1090兆赫扩展电文的广播式自动相关监视能力的S模式应答机
B60,CN103661335B,双信号数字电传防滑刹车系统
B64,CN104670482A,蜗轮蜗杆式飞机电刹车系统及工作方法
F16,CN102036879A,用于组装飞机的抗扭盒结构的方法和装置
B60,CN204124006U,定位型飞机餐板
B60,CN102874403A,一种具有刚性实心轮胎和缓冲支架组合的飞机轮系
B64,CN101048314A,货物系统的滚轮/锁定件/动力驱动单元的一体化托架
F16,CN104482280A,一种飞机气密舱的排水方法
F16,CN103629251A,一种复合材料衬套压装方法
G08,CN102184647B,一种空中目标的冲突解决方法
G08,CN101027618A,在着陆或起飞点附近帮助导航旋翼飞机的方法和装置
B60,CN204494320U,一种飞机客舱应急通道发光条
B64,CN1326879A,挡风玻璃雨刮臂
G08,CN104821167A,在飞机上利用语音命令的系统和方法
