,title,idNum,IPCNum,description
0,一种基于应用等级的消息传输系统,CN105376146A,H04L12/58,本发明公开一种基于应用等级的消息传输系统，包括：发送终端、接收终端和服务器，其中所述发送终端包括：第一应用等级设置单元，其用于逐一对所述应用程序设置等级，所述等级表示应用程序优先使用的顺序；消息等级设置单元，其用于为任意应用程序输入的消息设置消息等级，所述消息等级包括两级：重要级别和普通级别；所述接收终端包括：第二获取单元，其用于获取所使用终端的若干应用程序帐号，将所述应用程序的编程接口相互关联；第二应用等级设置单元，其用于逐一对所述应用程序设置等级，所述等级表示应用程序优先使用的顺序。本发明使得接收终端不需要登陆对应应用程序就能接收到对方发送的消息，从而在第一时间内就能看到对方发送的消息。
1,一种使用手机或平板电脑进行智能搜索电视节目的方法,CN105376618A,H04N21/41; H04N21/414; H04N21/44; H04N21/462; H04N21/466; H04N21/482,"本发明涉及一种使用手机或平板电脑进行智能搜索电视节目的方法。首先,对手机或者平板电脑通过语音串或者文字命令传输给电视，电视把语音串通过语音引擎转化为文字，然后根据用户输入的命令或关键字,在电视节目数据库中匹配电视节目，把用户喜欢的节目按照用户偏好罗列起来，在电视上显示或者推送到手机或者平板电脑上，提供给用户快速选择。电视节目搜索可根据用户输入的语音比较准确或用户输入的语音比较模糊，进行不同的搜索和结果显示。本发明使用电视、手机或者平板电脑作为显示工具，用户可迅速准确的找到所需的电视节日内容。"
2,一种基于大数据的交通运行状态特征参数提取方法,CN105389996A,G08G1/052; G06F17/30,本发明公开了一种基于大数据的交通运行状态特征参数提取方法，属于交通信息技术领域，其中交通大数据包括手机信令数据、GPS数据、基于视频、线圈断面交通流数据，交通运行状态特征参数包括车辆速度和道路流量。主要步骤如下：1)提取包含手机信令数据、GPS数据、基于视频、线圈断面交通流数据的交通大数据；2)采取基于泰森多边形的手机信令数据与GIS路网匹配方法将手机数据匹配到路网上；3)采取手机数据计算车辆速度，并以GPS数据为辅助，提高计算速度的精度；4)建立基于视频数据、线圈数据获取的高精度流量数据与手机数据提取流量数据的关系模型，提取流量信息。本发明可以在短时间内完成城市大范围的交通运行状态参数采集。
3,一种分布式医疗诊断系统,CN105404788A,G06F19/00,本发明为了优化手机等移动终端传输视频数据的速度，提高医疗诊断效率，提供了一种分布式医疗诊断系统，包括：服务器接收模块、服务器诊断模块、服务器筛选与传输模块、服务器显示模块，以及远程信息交互模块。本发明不但能够使得远程患者携带智能移动终端(包括但不限于智能手机、平板电脑等)即可高效率地获得远程医疗影像诊断服务，还能够让医疗人员也处于移动式工作状态，即医疗人员也能够使用智能移动终端提供远程医疗诊断服务。此外，本发明还能够在使用手机等智能移动终端时具有在不牺牲解析度和影像效果的前提下获得流畅的画面，提高了影像的传输效率。
4,医院自动分诊方法,CN105405087A,G06Q50/22,为了克服现有分诊系统和方法存在的对患者类型区分度以及电子标签的不便之处的弊端，本发明提供了一种医院自动分诊方法，包括：(1)获取患者信息；(2)根据患者信息，分配患者需要分诊的门诊和各个门诊的分诊优先级；(3)与患者相关联的手机建立无线链接；(4)通过所述无线链接向患者发送更新的分诊信息；(5)进行提醒和反馈更新：当步骤(4)的更新情况满足预设提醒条件时，等待患者的反馈信息：当接收到来自患者的、满足预设反馈条件的、针对某一门诊的反馈信息时，则继续按照步骤(4)向患者更新分诊信息；否则停止向患者更新该门诊的分诊信息，并调整该门诊的后续患者的分诊顺序。
5,一种智能家居控制系统,CN105353641A,G05B15/02; G05B19/418,"本发明公开了一种智能家居控制系统,包括主控系统、连接到主控系统的控制终端和智能家居设备，控制终端包括至少一台主人控制终端和至少一台客人控制终端；主控系统包括：通信模块，用于与控制终端与智能家居设备建立连接；注册模块，用于对智能家居与控制终端进行注册，并分配唯一ID；权限管理模块，包括：记录单元，用于记录每个客人控制终端首次注册的时间，以及自注册日期开始接入到系统的总次数，并生成对应的记录信息，该记录信息与客人控制终端的ID绑定；权限计算单元，用于根据客人控制终端接入到系统的总次数和注册时间计算出该客人控制终端连入到系统的周期，并根据该周期计算出相应的权限值；权限分配单元，用于为控制终端分配智能家居设置。本发明解决了权限管理的问题。"
6,智能婴儿保姆,CN105342585A,A61B5/0205; A61B5/11; A61B5/00,本发明公开了一种智能婴儿保姆，属于婴儿用品技术领域。其包括呼吸频率传感器，和/或，体温传感器，和/或，汗液分析仪，与吸频率传感器，和/或，体温传感器，和/或，汗液分析仪绑定的终端设备，呼吸频率传感器，和/或，体温传感器，和/或，汗液分析仪集成在婴儿服装或服饰上。其能够得到婴儿呼吸频率数据，和/或，婴儿体温数据；和/或，汗液分析数据；同时，将婴儿呼吸频率数据，和/或，婴儿体温数据，和/或，汗液分析数据发送至与其绑定的终端设备上，使婴儿的监护人实时得到婴儿的呼吸频率、体温、汗液信息，由于呼吸频率、体温、汗液信息与一些疾病有关联性，因此，能够使得婴儿的监护人的响应速度加快，进而帮助婴儿尽早就医。
7,城市交通远程动态监控系统,CN105374213A,G08G1/01,本发明公开了一种城市交通远程动态监控系统。其主要由以下部件构成：对道路现场所产生的数据进行动态采集的数据采集模块、对数据进行无线收发的无线数据收发基站、对数据进行分析的服务器、具有收发无线数据功能的移动终端(比如：智能手机等移动互联网设备)以及安装在移动终端上的APP软件构成。本发明所述系统采用无线传输技术，移动终端作为信息的终点，通过移动式的数据采集模块对交通现场进行远程监控，具备新颖性和创造性。通过所述系统，可以实现交通严重拥堵路段(救援和交通警察无法进入现场)进行实时远程监视和控制，是智慧城市系统的重要的一项辅助管理系统，是智慧交通的重要组成部分。
8,一种保护用户隐私的快递系统及其快递方法,CN105373910A,G06Q10/08; G06Q50/28,本发明公开了一种保护用户隐私的快递系统，其包括用户管理模块、任务创建模块、任务匹配模块和验证与签收模块，客户需要在快递系统上注册自己的个人信息，给客户分配唯一ID，用户在购买物品或者有快递需求的时候，提供用户ID就可以代替原来的个人信息，同时本发明还公开了一种基于所述快递系统的快递方法。
9,一种用于智能手机赛车游戏的方向盘,CN105381610A,A63F13/245; A63F13/803,本发明公开了一种用于智能手机赛车游戏的方向盘，固定基座的一端铰接有倾斜向上的连接板，连接板的上端部装接有方向控制盘，能够调节方向控制盘的角度，并在固定基座的底部设有吸盘，提高固定效果，放置晃动，便于智能手机赛车游戏的操作，并在方向控制盘上时钟显示面板，时钟显示面板上设有喇叭孔，提醒用户玩一段游戏后，进行休息，减少对眼睛的伤害，可折叠，体积小，方便携带，结构简单，具有良好的应用前景。
10,一种用于智能手机的游戏手柄,CN105381608A,A63F13/24; A63F13/90,本发明公开了一种用于智能手机的游戏手柄，在方向控制柄、按键控制柄之间通过连接板，连接板上设有用于放置智能手机的矩形凹槽，并通过吸盘放置手机晃动，而且，设置有显示面板和喇叭孔，提醒用户玩一段游戏后，进行休息，并增加温度显示，当连接板上的智能手机温度过高时，提醒用户停止游戏，避免对智能手机的损伤，并设置有护眼灯，减少对眼睛的伤害，在方向控制柄、按键控制柄之间还增加了加固杆，提高方向控制柄、按键控制柄连接的牢固性，结构简单，容易实现，具有良好的应用前景。
11,一种用于手机的放置支架,CN105391827A,H04M1/12,本发明公开了一种用于手机的放置支架，包括弧形基板，弧形基板的后端部上翘并形成固定座，固定座的底部与弧形基板前端部的最低处在一条水平面上，固定座中部设有缺口，固定座内嵌入有活动转轴，活动转轴贯穿缺口，活动转轴位于缺口的部分套接有支撑板，支撑板以活动转轴为轴旋转，支撑板的宽度自下而上逐渐增大，支撑板的长度小于弧形基板的长度，弧形基板上还设有用于与支撑板形状匹配的凹槽。本发明包括弧形基板和设置在弧形基板一端的支撑板，支撑板可旋转，不使用时，可折叠，体积小，方便携带，结构简单，容易实现，具有良好的应用前景。
12,一种快递信息采集系统及方法,CN105404997A,G06Q10/08; G06Q50/28,本发明涉及一种快递信息采集系统及方法，快递信息采集系统扫描终端和云服务器；揽件员通过扫描终端对快递单上的条形码或二维码信息以及寄件人信息和收件人信息进行扫描，扫描后的信息传输至云服务器进行存储；派件员通过扫描终端对待派送快递上的条形码或二维码进行扫描，并将扫描的信息发送给云服务器，向云服务器请求与扫描的条形码或二维码信息相匹配的收件人信息；云服务器将匹配的收件人信息反馈给派件员的扫描终端。本发明在快递的配送过程中就能够采集客户信息，从而有效缩短快递作业周期，提高物流工作人员的工作效率。另外，本发明还能够避免因快递是否送达产生的纠纷。
13,快件视频查询系统,CN105407328A,H04N7/18; H04N5/76; G06Q50/28; H04L29/08,本发明涉及一种快件视频查询系统，它包括物流终端、云服务器和视频客户端，物流终端将快件的视频信息发送给云服务器，视频客户端向云服务器发送快件视频查询请求，云服务器将所要查询的快件视频反馈给视频客户端进行显示。物流终端包括定位模块、视频采集模块、第一数据处理模块和第一通信模块；云服务器包括第二通信模块、解析模块、第二数据处理模块和视频存储模块；视频客户端包括人机交互模块和第三通信模块。本发明能够直观地显示快件的状态，方便客户实时了解快件的状况；而且客户对快递过程有质疑时，本发明能够提供相关证据。
14,一种无人值守的车场自动控制及收费系统、方法,CN105405173A,G07B15/04,本发明公开了一种无人值守的车场自动控制及收费系统、方法，包括：地感、控制单元、车牌识别单元、通信单元；其中，所述车牌识别单元分别与所述地感、控制单元相连，所述控制单元与所述通信单元相连。本发明提供的方案不需要对用户进行预登记或注册，在当车牌识别失败之后，车上的人进场时只需要打电话或发送信息给第一号码即可现实入场信息与移动终端的绑定，而不需要开车窗取卡或输号。准备去取车出场的时候，可用绑定的移动终端获取进场时间及所需停车费等信息推送，并可完成支付；或者驱车准备出闸道的时候，用绑定的移动终端拨通第一号码或发送信息给第一号码，即或获得进出场时间以及停车费用等信息推送，实现无人值守智能化自助缴费。
15,一种基于蓝牙的便携式多传感器多功能的物理实验系统,CN105405324A,G09B5/02; G09B23/06; G09B23/18; G01D21/02,本发明涉及一种基于蓝牙的便携式多传感器多功能的物理实验系统，该系统包括：数据采集模块1、控制器模块2、蓝牙无线传输模块3、数据处理与存储模块4、便携式数据显示模块5、交互模块6、电源模块7；控制器模块2读取数据采集模块1采集的数据并进行处理；控制器模块2将处理后的数据通过蓝牙无线传输模块3分别发送给数据处理与存储模块4和便携式数据显示模块5；数据处理与存储模块4完成数据的接收、处理与存储功能；便携式数据显示模块5接收控制器模块2发来的数据并将其绘制成图。通过上述方式，本发明使用手机观察物理量变化规律，用蓝牙传递数据，增加了便携性，而且体积小、集成多种传感器、可方便及时地进行数据处理。
16,一种基于FPGA的无人机建筑物探伤系统,CN105319218A,G01N21/88,本发明提供一种基于FPGA的无人机建筑物探伤系统，属于无人机领域，包括电源模块、传感器模块、图像采集模块、GPS模块、动作执行模块、无线通信模块、控制器模块、远程控制设备和无人机壳体；使用图像采集模块近距离采集建筑物图片，提高建筑物裂缝检测的精度；经过控制器模块压缩处理，由无线通信模块把图片信息传给远程控制设备供用户查看，用户可以很好了解高空建筑物的情况；用户根据传感器模块传回的感应数据，能更好控制无人机无死角拍摄，提高检测精度；本发明还进一步包括电量检测模块，实时检测电源的电量，防止作业过程中电源电量过低而出现事故意外，影响建筑物检测工作；解决现有建筑物探伤系统检测精度不高的问题。
17,一种手机对讲伴侣,CN105338194A,H04M1/725; H04B1/3827,本发明公开一种手机对讲伴侣，包括有一主控制器、一与主控制器连接的对讲模块、一与该主控制器连接的用于与手机进行连接的接口模块、一与对讲模块连接的射频天线及一供电装置。该手机对讲伴侣相比于对讲机而言无需设置键盘、送话器、听筒等部件，因此其结构简单、体积小巧；使用时仅需将对讲伴侣固定在身上，通过对手机的简单操作便能实现通信功能，使用非常方便；对人体而言，由于手机对讲伴侣的工作功率小，且远离人体头部，因此正常使用时产生的辐射几乎来源于手机本身，辐射较小。
18,物联网家用冷链周转箱运输检测系统及周转方法,CN105353752A,G05B19/418; G06Q10/08; G06Q50/28,<b>一种物联网家用冷链周转箱运输检测系统及周转方法。食品冷链是指易腐产品从加工、贮藏、运输、销售、直到送达消费者手中的特殊供应链系统，其各个环节产帚始终处于所必需的低温环境中，以保证食品质量安全。一种物联网家用冷链周转箱运输检测系统，其组成包括：冷链运输车辆（</b><b>2</b><b>）、居民楼</b><b>3</b><b>、温湿度探头（</b><b>13</b><b>），冷链运输车辆内安装有车载终端设备（</b><b>1</b><b>），车载终端设备通过</b><b>GPRS</b><b>网络与手机或计算机（</b><b>4</b><b>）连接，所述的车载终端设备通过与</b><b>GPS</b><b>定位卫星（</b><b>5</b><b>）连接，所述的居民楼的每一层都安装有冷链周转箱，所述的冷链运输车辆内具有冷链箱体（</b><b>14</b><b>），所述的车载终端设备与所述的温湿度探头连接。本发明应用于食品冷链周转箱的运输系统。</b>
19,一种手机放置支架,CN105357352A,H04M1/12,本发明公开了一种手机放置支架，包括第一支撑杆，第一支撑杆的上端部插接在固定座上，固定座中心设有活动转轴，第二、第三支撑杆呈左、右对称分布且上端部套接在活动转轴上，第二、第三支撑杆之间的夹角可调，第二、第三、第一支撑杆构成三角支撑架，第二、第三支撑杆下部的相同位置处设有均设有矩形缺口，矩形缺口的下内壁铰接有挡杆，挡杆可沿矩形缺口的下内壁旋转到垂直于第二支撑杆或第三支撑杆的角度，第二、第三支撑杆、挡杆形成用于放置手机的空间。本发明设有第二、第三、第一支撑杆构成三角支撑架，放置手机稳定性高，第一支撑杆可拆卸，第二、第三支撑杆能够合并收拢，体积小，方便携带，结构简单，具有良好的应用前景。
20,云端图片加载方法、装置及电子设备,CN105357325A,H04L29/08,本发明实施例公开了一种云端图片加载方法、装置及电子设备，所述方法应用于电子设备，所述方法包括：在所述电子设备未连通网络时，检测到执行加载图片操作时，获取所述加载图片操作中包括的待查看图片的标识；当所述电子设备未缓存所述待查看图片时，加载所述待查看图片的框架；每隔预定时间对所述电子设备的网络进行刷新；当检测到所述电子设备连通网络时，在已加载的所述待查看图片的框架中加载与所述待查看图片的标识相对应的图片数据。本发明适用于在用户手机所处的网络状态不好时对云端图片进行加载。
21,用于牙科手机的多孔负压式冷却结构,CN105342711A,A61C1/08,提供一种用于牙科手机的多孔负压式冷却结构，具有喷雾座，所述喷雾座设于牙科手机手柄端部的机头壳内且与机头壳相适配，所述喷雾座的两端外壁均设有用于水气密封的环形凹槽，位于上端的环形凹槽下方制有环状凹槽，且环状凹槽一端与机头壳内部设有的气孔相通形成环状气通道，所述环状凹槽另一端的内部均匀制有多个通向喷雾座下端面的气通道；位于下端的环形凹槽上方制有多个水通道，所述水通道一端与机头壳内部设有的进水孔相通，水通道另一端与气通道呈角度贯通。本发明利用负压原理用气将水带出，形成水雾达到冷却目的，冷却效果有了很大的改善，提高了手机安全使用率，延长了手机寿命。
22,提高心率检测准确性的方法和系统,CN105342596A,A61B5/0245; A61B5/11,本发明主要是解决现有产品所存在的技术问题，从而提供一种可以提高心率检测准确性的方法，可以实现可穿戴设备对心率数据的准确检测，同时提供一种可以准确检测心率准确性的系统，综合两种发明为老人的生命安全提供多一份保障。
23,一种小区智能安全系统,CN105355006A,G08B25/10; H04N7/18,本发明公开了一种小区智能安全系统，包括控制中心、闭路控制装置和启动模块，所述闭路控制装置与所述控制中心连接，包括多个设置在小区的重点区域的监控器，所述启动模块与所述监控器和所述控制中心连接，用于在接收到所述控制中心的控制指令或接收到大于等于预定的噪声信号或光强信号后，控制所述监控器对指定相向以指定角度进行监控，并将监控视频实时传送到所述控制中心。所述小区智能安全系统，通过增加启动模块，在达到预设条件后，控制监控器对预定方向以指定角度进行监控，降低了监控死角，提高了监控的灵活性和监控范围，提高了监控效果。
24,一种便于智能手机散热的游戏手柄,CN105344099A,A63F13/24; A63F13/90,本发明公开了一种便于智能手机散热的游戏手柄，在方向控制柄、按键控制柄之间通过连接板，连接板上设有用于放置智能手机的矩形凹槽，并通过吸盘放置手机晃动，而且，设置有时钟显示面板和喇叭孔，提醒用户玩一段游戏后，进行休息，减少对眼睛的伤害，并设有角度可以调整的散热风扇，方便智能手机的散热，保证有效的正常运行，结构简单，容易实现，具有良好的应用前景。
25,一种手机壳,CN105376371A,H04M1/02,本发明提供一种手机壳，包括壳体，还包括镜片、按钮、弹簧卡止机构，所述壳体侧面开设有凹槽，凹槽内设置有镜片；所述按钮设置于壳体背面，按钮与弹簧卡止机构相连接，弹簧卡止机构另一端与镜片相连接。所述镜片表面开设有限位槽，用于弹簧卡止机构的限位。按钮可控制镜片伸缩。本发明提供的手机壳，通过在手机壳侧面设置可以自动伸缩的镜片，方便人们使用手机拍照时，看到自己与镜头的对准位置，提高人们使用手机拍照的成功率，同时还可以有镜子照。镜子可伸缩，也防止了掉落产生的镜片破碎，增加安全性。
26,一种移动终端中基于图片显示的在线习题测试方法,CN105374249A,G09B7/02,本发明公开了一种移动终端中基于图片显示的在线习题测试方法。它包括如下步骤：1)由处理器将Word版本习题库中的每道习题内容生成不同分辨率的习题图片；2)将习题图片数据导入至后台数据库；3)处理器根据目标移动终端分辨率的反馈数据和习题需求指令，推送对应分辨率的习题图片；4)处理器根据目标移动终端提交的答案，进行批改，并将所有答题记录保存在后台数据库中；5)处理器结合用户群总体的答题情况判定习题难易程度，再根据目标移动终端的历史答题情况求推送相应的习题图片数据。本发明采用上述方法，解决了各类学科中设计到复杂数学公式的习题难以显示在移动手机端的问题。突破传统的试题显示局限，从而带给用户独特的测试体验。
27,一种智能热水供应系统,CN105371350A,F24D17/02; F24D19/10,本发明公开了一种智能热水供应系统，包括江水源热泵装置、智能控制装置和辅助加热装置，所述江水源热泵装置的输出端与用户的热水输入端连接，所述江水源热泵装置的输入端与所述辅助加热装置，所述辅助加热装置与所述智能控制装置，所述智能控制装置控制所述辅助加热装置将加热后的水输入到所述江水源热泵装置的输入端。所述智能热水供应系统，通过设置智能控制装置和辅助加热装置，对客户进行热水供应，可通过智能控制装置和辅助加热装置调节热水的供应水量和温度，满足用户的需求，同时使用江水源热泵装置，在辅助加热装置加热之前，水温较高，节省了辅助加热装置的电能。
28,电阻柜多功能监控装置,CN105375640A,H02J13/00,本发明提供的电阻柜多功能监控装置，包括处理器、用于采集电阻柜工作参数的信号采集单元、用于输出监控数据的信号输出单元、用于根据采集的工作参数自动对电阻柜进行保护的保护单元，以及用于电阻柜数据交换的通信单元；本发明的电阻柜多功能监控装置，可以对电阻柜各种参数进行检测及柜体环境调控，实现了自动化管理。自动控制报警、跳闸及报警信号参与后备保护，并且能够远程对电阻柜整体进行全面监控，保证系统的安全运行。
29,一种手机支架,CN105376374A,H04M1/11,本发明提供一种手机支架，包括倾斜设置的平台，固定于平台前部的挡板，以及固定于平台后部的支撑板，所述的挡板与平台呈锐角或直角设置，所述挡板中央有凹陷，所述平台顶端有限位柱。所述的前立板、平台和挡板为一体成型式结构。所述限位柱由可弯曲材料制成。本发明结构简单，固定大屏幕手机，适用于不同厚度和长度的手机的固定。由于平台顶端有限位柱，手机可以横放，也可以竖着放，限位柱可以弯曲，完全夹住手机。由于挡板中央有凹陷，可以容纳充电线，因此还能在充电时候放着，减轻手机用户手臂的酸痛。
30,一种液晶显示屏、液晶显示屏控制系统及其手机,CN105374322A,G09G3/34; H04M1/02,本发明提供一种具备镜子功能的液晶显示屏、液晶显示屏控制系统及其手机，液晶显示屏下贴合设置一软镜子，使得所述液晶显示屏工作在三种工作模式下：正常手机模式、待机模式和镜子模式；在所述镜子模式下，所述液晶显示屏的背光被开启，所述液晶显示屏停止上电；在所述正常手机模式下，所述液晶显示屏上电；所述待机模式下，所述液晶显示屏停止上电，所述液晶显示屏的背光被关闭。本发明通过背板电路和屏幕电路对于液晶显示屏和背光板的供电，实现了手机的镜子模式，不仅为用户提供了更加贴合用户实际使用的服务，也让手机的使用更加多元化，更加生活化，也更加智能化。
31,一种采用GSM远程控制电网通断的系统,CN105391176A,H02J13/00,本发明涉及一种采用GSM远程控制电网通断的系统，该系统由GSM信号发射设备、GSM信号接收模块、信号处理器、I/O接口、电动操作机构、传动机构、执行元件组成；信号发射设备用于发送控制指令；GSM信号接收模块用于接收控制指令；信号处理器用于对信号传送过来的控制指令进行辨别和处理；通过I/O接口去控制电动操作机构，电动操作机构通过中间的传动机构带动执行元件动作，用于执行信号处理器发送过来的操作指令，以控制电网接通或分断。本发明是技术人员通过多次实践设计出的一套采用GSM远程控制电网通断的系统，该系统不仅可控性强，而且成本低廉，通过现有成熟的通讯系统来达到远程控制的效果，非常值得推广和应用。
32,EMMC测试装置,CN105390163A,G11C29/56,本发明公开了一种EMMC测试装置，包括测试座、第一连接板、第二连接板、第一公连接器、第二公连接器、第一母连接器、第二母连接器和测试终端，所述测试座上设有用于放置待测试EMMC的容纳槽，所述第一连接板的一面用于与所述容纳槽内的待测试EMMC电连接，所述第一连接板的另一面分别与第一公连接器和第二公连接器电连接，所述第二连接板的一面与所述测试终端电连接，所述第二连接板的另一面分别与所述第一母连接器和第二母连接器电连接，第一母连接器插接在第一公连接器上，第二母连接器插接在第二公连接器上。本发明提供的EMMC测试装置，不仅对EMMC无损，而且操作简单方便，测试效率高。
33,一种智能遥控自行车锁,CN105386661A,E05B71/02; E05B49/00; E05B47/06; E05B9/00; E05B17/22,一种智能遥控自行车锁，包括全封闭金属外壳，微型电动机搭配减速齿轮组，电池，遥控模块，SIM卡槽和SIM卡，蓝牙模块，锁轴，丝杆，遥控器，控制器，无线收发天线，关锁启动开关，开关锁限位开关。在遥控器或手机控制端的控制下，电动机驱动推拉式锁轴或半圆型锁片到限位开关位置自动停止，完成开锁和关锁，实现了自行车锁的智能化，远程遥控开关车锁，能有效的提升自行车锁的防盗性能，使用便捷性。
34,一种稻田间水层监测装置及方法,CN105387908A,G01F23/00,本发明涉及一种稻田间水层监测装置及方法，属于农业灌溉监测技术领域。技术方案是：包含水层水位计(1)、防盗护井和远程通讯机(3)，水层水位计(1)设置在防盗护井内，防盗护井布置在水稻田间，水层水位计通过现地无线网络与远程通讯机(3)通讯；一台远程通讯机与一台以上的水层水位计通讯，远程通讯机通过无线公网与管理部门的计算机或智能手机通讯。本发明的积极效果：实现了大面积水稻田间水层的自动监测，控制水层厚度，节约灌溉用水，适应水稻成长。本发明考虑了监测装置的安装及防护，同时，也充分考虑作物轮回种植需求，水位测井采用可锁定、可拆除方式，避免了由于水位测井的存在影响大面积水稻田的统一机耕。
35,带袖子的被子,CN105394977A,A47G9/02,本发明涉及一种带袖子的被子，包括长方形的主被芯，主被芯一端两侧对称的设置拉链，拉链开口于主被芯的长边，拉链根部距离35～50cm，拉链与主被芯短边之间的部分为双层夹棉层，双层夹棉层两端开口形成袖管，拉链拉开后，所述袖管除根部外与主被芯脱开。所述拉链平行于主被芯短边，并距离短边20～30cm。本发明的优点是：造型新颖，功能性强，采用可独立出来保护手臂的袖管设计，解决了平时天冷坐床上看书或玩手机时普通被子对胳膊保护不了的问题，同时也可以作为普通被芯使用。
36,冲泡饮品的冲泡控制方法及其装置,CN105395062A,A47J31/40; A47J31/44,本公开是关于一种冲泡饮品的冲泡控制方法及其装置，其中方法包括以下步骤：获取当前可添加冲泡饮品的类型信息；获取当前时间信息和/或冲泡容器所在的当前环境信息；以及根据当前时间信息和/或当前环境信息，以及当前可添加冲泡饮品的类型信息从当前可添加冲泡饮品中确定推荐冲泡饮品及对应的冲泡参数信息。通过本公开实施例，根据用户所在当前时间信息、当前环境信息以及当前可添加冲泡饮品的类型信息，确定推荐冲泡饮品及对应的冲泡参数，从而确定出冲泡饮品的最佳冲泡方案，进而能够为用户推荐适合当前情况的冲泡饮品，同时还可改善冲泡饮品的冲泡质量，提升用户的使用体验。
37,一种基于HTTP协议的路由器远程管理系统,CN105407172A,H04L29/08; H04L29/06; H04L12/24; H04L12/26,本发明公开了一种基于HTTP协议的路由器远程管理系统，所述远程管理系统由路由器端、服务器端和控制终端组成，利用智能终端发出操作指令，并使用基于HTTP协议的通信方式，实现对路由器远程管理。本发明使用的HTTP通信基于通用端口80，避免受防火墙限制造成通讯故障，信号传输更加可靠。并且本发明还具有通用性能好，开发及维护费用低等优点。
38,基于移动互联网控制的灌肠机,CN105407173A,H04L29/08; G08C17/02; A61M3/02,本发明提供一种基于移动互联网控制的灌肠机，其特征在于：包括账户管理服务器和基于互联网与所述账户管理服务器进行通信连接的若干台移动终端、若干台灌肠机，所述灌肠机包括温度传感器、压力传感器、动作执行部件、Wifi网络接口芯片和控制连接温度传感器、压力传感器、动作执行部件、Wifi网络接口芯片的单片机，所述Wifi网络接口芯片基于2.4G频段与互联网通信，所述单片机的第一I/O端口控制连接Wifi网络接口芯片。本发明的基于移动互联网控制的灌肠机，通过Wifi网络接口芯片，能够实现移动终端与灌肠机之间互联通信，移动终端可以远程控制灌肠机的执行动作并实时查看灌肠机的执行数据，最大程度的方便用户使用，利于灌肠仪的大范围普及使用和增加用户的个性化体验。
39,指纹采集装置及其成像器件及制备方法及电子设备,CN105404879A,G06K9/00,本发明公开了一种指纹采集装置及其成像器件及制备方法及电子设备，其中指纹采集装置的成像器件包括相对的采集面和成像面，所述采集面具有采集区，所述成像面具有与采集区对应的成像区，所述成像器件具有多个贯通采集区和成像区的小孔，所述小孔之间光绝缘。本发明实施例分辨力高，体积小。
40,隧道围岩动态分级方法及其装置,CN105353427A,G01V11/00,本发明公开了一种隧道围岩动态分级方法及其装置，所述装置包括：布设在隧道掌子面处，用于获取围岩地质参数的围岩地质参数采集装置；与所述围岩地质参数采集装置相连接的第一无线通讯模块；布设在隧道洞口外的发射箱，该发射箱的安放位置为手机信号的覆盖范围之内；所述发射箱包括第二无线通讯模块和与所述第二无线通讯模块相连接的GPRS通讯模块；布设在所述围岩地质参数采集装置和所述发射箱之间的中继站；所述中继站连接所述第一无线通讯模块和所述第二无线通讯模块；通过GPRS网络连接所述GPRS通讯模块的服务器；本发明完成了隧道围岩的动态分级，围岩分级更加快速可靠。
41,一种生成订单的方法和装置,CN105354739A,G06Q30/06,本发明提供一种生成订单的方法和装置，能够利用输入框输入的关键字实现快速下单，为客户节省了下单所用时间，提高了效率；同时减少下单过程中多余步骤对网站请求数及对客户流量的消耗，在一定程度上提高了客户的购物体验。本发明的生成订单的方法包括：接收用户输入的关键字，然后确定所述关键字所对应的商品的属性选项并在当前界面的区域内输出；接收用户对所选商品的属性选项的设置，并根据接收到的用户已设置好所选商品的属性的下单操作指令生成该用户的订单并输出订单信息。
42,一种局域网内客户端计算机的启动、计时控制方法及系统,CN105376074A,H04L12/14; H04W4/24,本发明公开了一种局域网内客户端计算机的启动、计时控制方法及系统，所述的局域网内设有I/O数据服务器、客户端操作系统服务器群和至少一个客户端计算机；该方法包括：步骤1：客户端计算机发送引导请求；步骤2：I/O数据服务器返回初始启动验证包；步骤3：客户端计算机输入验证信息；步骤4：I/O数据服务器对客户端计算机进行验证并开始计时；步骤5：验证成功后，客户端计算机利用I/O数据服务器建立的通信通道，通过UDP协议(TCP协议或自有协议)读取相应的客户端操作系统服务器提供的系统包文件，完成操作系统的启动。该局域网内客户端计算机的启动、计时控制方法及系统易于实施，安全性高。
43,一种课堂考勤系统及方法,CN105373981A,G06Q50/20; G07C1/10; H04W4/02,本发明公开了一种课堂考勤系统及其方法，系统包括数据库、后台服务器和移动终端，其特征在于所述的移动终端包括教师移动终端和学生移动终端，所述的移动终端通过无线网络连接到后台服务器，所述的后台服务器通过数据库管理系统连接数据库。方法包括教室位置信息采集、教师、学生身份信息采集、课堂信息二维码生成、课堂上课签到实现、课堂签到的认定、课堂下课签到的实现。本发明很好的解决了现有考勤系统需要借助第三方设备，以及考勤过程复杂，耗时等缺点，只要智能设备安装app，具备定位传感器，能够上网等就可自动完成连续多签到过程，从而为课堂质量提升提供有力支撑。
44,一种无人机上网的方法,CN105376348A,H04L29/12; H04W88/04,本发明涉及无人机领域，尤其涉及一种无人机上网的方法。在现有技术中移动终端与遥控器之间通常采用无线连接的方式，但采用无线连接容易受到信号的干扰，而使得数据传输存在很多不稳定因素，因此本发明的移动终端与遥控器之间采用USB-OTG接口，与现有技术中采用无线连接相比，数据传输更加稳定；该移动终端具有上网功能，并通过共享网络对第一路由器和第二路由器分配IP地址，使得无人机能够直接访问Internet。
45,实现出入口动态开门密码的门禁系统,CN105374099A,G07C9/00,本发明提供一种实现出入口动态开门密码的门禁系统，包括门禁控制器和移动终端，所述门禁控制器包括密码生成模块、加密模块、二维码生成模块和LCD屏，所述移动终端内设有解密模块；其中，所述密码生成模块产生随机密码；所述加密模块对所述随机密码进行加密；所述二维码生成模块将加密后的随机密码转换成二维码；所述LCD屏显示所述二维码；所述移动终端扫描所述二维码，所述解密模块对二维码解密得到密码。由于采用了上述技术方案，本发明具有结构简单的优点，不需要通行者记忆密码，避免通行者忘记密码而不能通过门禁的情况，还能防止人为泄密，增强门禁通行的安全性。
46,一种用于手机游戏服务器的负荷迁徙方法,CN105376332A,H04L29/08,本发明公开了一种用于手机游戏服务器的负荷迁徙方法，包括1）设置单个游戏服务器的连接阈值；2）单个游戏服务器实时监听登录该游戏服务器的客户端数量；3）根据监听到的客户端数量，判断是否大于连接阈值；若大于，则执行4）；否则，返回2）；4）将超过客户端数量的客户端放入置等待队列中，并查找服务器列表，找到最靠近单个游戏服务器的空闲游戏服务器；5）将客户端的连接转移到空闲游戏服务器，进行客户端登录。本发明采用负荷迁徙模块对单个服务器的资源进行限制，能够解决大量用户同时登录单一服务器，防止服务器资源的衰竭，保证手机游戏的正常运行，具有良好的应用前景。
47,多模无线通信装置,CN105375948A,H04B1/401; H04W88/06,一种用于公用无线信道进行通信的多模无线通信装置，使用一种支持多个无线运行商信道通信的专用模块，用可以切换方式连接两个运行商手机SIM卡，经过能控制的切换开关相连接，在系统判定某无线通信信道运行商发生故障或因故不能通信时，通过控制切换开关自动接通另一个运行商的通信信道，本发明完成两个运行商手机SIM卡的结构设计，实现一个运行商无线通信故障情况下的自动切换到另一个无线运行商信道的设计目标，解决了本发明的设计任务。本发明采用一块多模通信模块和切换开关、主控制微处理器、通信故障判断方法的配合解决了通信中运行商故障带来的通信不可靠难题，成本低，运行可靠，可以广泛用于严重依赖通用分组无线服务技术通信的场合使用。
48,语音报修系统,CN105389671A,G06Q10/06; G06Q30/00,本发明提供一种语音报修系统，包括录音终端和报修终端，所述录音终端包括录音模块和发送模块，所述报修终端包括接收模块、语音识别模块和信息录入模块；其中，所述录音终端记录报修信息；所述发送模块发送报修信息至报修终端；所述接收模块接收报修信息；所述语音识别模块识别客户的报修信息；所述信息录入模块根据识别结果自动补全报修单的信息。本发明对客户的计算机技能要求非常低，通过指导手册或者简单的培训所有的客户都能掌握，并且大大减少了工作人员的工作量。
49,LED多通道混色智能灯泡、智能照明系统及多通道混色方法,CN105392232A,H05B33/08,本发明公开了一种LED多通道混色智能灯泡，包含至少四条混色通道与至少四组颜色的LED芯片或者LED光源组件，可使灯泡能够复现并无限接近全色域；基于LED多通道混色智能灯泡的智能照明系统可以实时采集灯泡的温度和颜色，根据色差与灯泡的温度对调光值进行补偿，使灯泡在不同温度下可保持相同的颜色，基于此系统还可以拓展为智能家居通过与手机平板等终端预装的APP连接，丰富使用场景与用途；基于智能照明系统的多通道混色方法以三通道混色算法为基础，求解出的各基础颜色的调光值准确，可准确还原目标颜色。
50,一种基于PID的空气中VOC监测仪及其实现远程监测的方法,CN105388208A,G01N27/64; H04L29/08,"本发明公开了一种基于PID的空气中VOC监测仪及其实现远程监测的方法，包括PID传感器、与PID传感器依次连接的放大电路、低通滤波电路、嵌入式微机处理器、LCD\KEY模块，与PID传感器连接的还有由空气过滤单元、微型空气泵和密闭构件通过气体管路连接构成具备空气进气口、内部腔体和出气口的单向空气流动结构的气体采样系统；嵌入式微机处理器还与WIFI无线模块连接提供数据的无线传输,WIFI无线模块通过无线WIFI信号与无线路由器连接；无线路由器通过互联网络与云端服务器连接、移动终端通过无线网络互联与云端服务器连接采。本发明实现了室内空气中VOC的无线远程准确监测；并可实现监测大数据的数据积累，奠定了室内环境空气污染物监测大数据云平台的基础。"
51,物联网社区冷链保鲜温度监测柜及监测方法,CN105380490A,A47G29/14; G06Q10/08; G06Q30/06; G06Q50/28; G06K17/00,<b>本发明涉及一种物联网社区冷链保鲜温度监测柜及监测方法。随着电子网络的发展，对冷链物流的需求持续增加，冷链装备需求提升，目前国内社区没有提升人们生活品质的物联网社区冷链保鲜温度监测柜或终端柜。本发明其组成包括</b><b>:</b><b>冷链终端柜本体（</b><b>1</b><b>），所述的冷链终端柜本体是长方形箱体结构，所述的冷链终端柜本体内部分别安装有控制系统（</b><b>3</b><b>）、温度传感器（</b><b>4</b><b>），所述的冷链终端柜本体上方中间位置安装有显示触摸屏（</b><b>5</b><b>），所述的显示触摸屏下方安装有电子标签系统（</b><b>6</b><b>），所述的电子标签系统下方安装有读卡区（</b><b>9</b><b>），所述的冷链终端柜本体上方端面分别安装有故障报警器（</b><b>7</b><b>）、无线通信口（</b><b>8</b><b>）。本发明用于物联网社区冷链保鲜温度监测柜。</b>
52,一种物联网电梯系统,CN105384019A,B66B5/00,本发明公开了一种物联网电梯系统，该物联网电梯系统包括物联网路由器、协议转换器、小区无线局域网、电梯制造厂局域网、黑匣子模块、检测平台；黑匣子模块通过小区无线局域网与检测平台连接，检测平台通过协议转换器与物联网路由器连接，物联网路由器通过协议转换器与电梯制造厂局域网连接；所述的物联网路由器包括数字化应用模块和数据处理模块。物联网路由器将电梯信息通过互联网发送给电梯制造单位内部，直接进入电梯制造厂内部物联网，很好的解决了制造单位所担心的数据及信息安全问题；可以实时监视电梯的运行状态，包括多梯监控、单梯监控、视频监控、地图监控，大大提高了电梯的安全稳定性，降低了维护费用。
53,一种远程一体内窥镜系统,CN105395154A,A61B1/00,本发明公开了一种远程一体内窥镜系统，包括内窥镜模块、计算机和远程终端，内窥镜模块设置有窥视镜组件和高清摄像头，计算机设置有H265编码器，远程终端包括显示组件和H265解码器，所述内窥镜模块与计算机连接，所述H265编码器与通过互联网与H265解码器连接，所述H265解码器与显示组件连接;所述窥视镜组件包括固定筒和窥视镜，所述固定筒内腔设置有活塞杆和与窥视镜相适配的凹形槽，所述活塞杆右端设置有用于吸附窥视镜的永磁铁。本发明通过远程终端与内窥镜模块进行实时通讯，实现远程医疗，有效解决了医疗资源紧缺的问题；本发明通过磁吸的方式将窥视镜固定在窥视镜组件上，大大方便了窥视镜的安装和拆卸。
54,一种手机主板检修组件,CN105407200A,H04M1/24; H04M1/725,本发明涉及手机主板维修装夹治具技术领域，尤其是一种手机主板检修组件，包括底板和四套夹持装置，四套夹持装置分别固定设置于底板的四角，每套夹持装置包含第一夹板、第二夹板、第三夹板和夹指，底板上表面四个角分别开设有一个扇形的底板滑槽，第一夹板固定开设有两个固定孔和第一滑槽，第二夹板固定开设有三个固定孔和第二滑槽，第三夹板固定开设有一个固定孔和第三滑槽，夹指中部通过活动栓活动连接第三夹板，夹指尾端通过弹力装置连接第三夹板中部。本发明的一种手机主板检修组件，通过设置四套夹持装置实现了检修治具对手机主板的架空固定，方便检修的同时不会损坏手机主板，提高了工作人员的工作效率。
55,工程机械的故障诊断装置及方法,CN105404281A,G05B23/02,本发明公开了一种故障诊断装置及方法，可预先存储工程机械的历史声音数据和与之对应的故障类型，并实时获取工程机械的当前声音数据和当前工况信息，并根据已存的历史声音数据及其对应的故障类型和当前声音数据、当前工况信息，判定工程机械的当前故障类型，并告知操作人员或维修人员。一方面操作人员自己即可判定故障类型，对于简单故障无需呼叫维修人员，另一方面也可为缺乏经验的维修人员提供技术指导，从而提高维修速度和准确性。
56,一种控制家电的系统,CN105353640A,G05B15/02; G05B19/418,本发明公开一种控制家电的系统，它包括网络通讯模块、中央控制模块、数据接收模块、数据发送模块、家电控制模块和手机；所述中央控制模块和所述网络通讯模块、数据接收模块、数据发送模块、家电控制模块相连。本发明可以通过互联通实现家庭家电情况的监测并且控制家电，是智能家居技术的具体应用。
57,办公楼人员体温信息收集反馈装置,CN105357399A,H04M1/725; H04L12/28; G07C9/00,一种属于智能化办公楼技术领域的办公楼人员体温信息收集反馈装置，包括定位器、控制器、无线信号发送接收器、个人信息数据库、墙体线束、手机、中央处理器、命令翻译器、控制模块、紫外线杀毒装置、体温监测装置，定位器、电源、控制器、第一无线信号发送接收器、个人信息数据库均布置在办公楼出入大厅的顶部墙体上，中央处理器、命令翻译器、第二无线信号发送接收器、控制模块均布置在手机内。在本发明中，手机为智能手机，手机号码与个人信息绑定；当办公人员带着手机靠近自动闸机时，挡板自动打开；还可以对出入人员进行紫外线杀毒。本发明设计合理，结构简单，适用于智能化办公楼系统的设计。
58,一种自拍杆,CN105351712A,F16M13/04; G03B17/56; H04M1/13,本发明公开了一种自拍杆，包括伸缩杆、夹持头，所述夹持头安装在伸缩杆上，所述伸缩杆上设置有插线头，伸缩杆上设有充电电池和充电接头，充电电池与充电接头电联，伸缩杆设有通电开关，所述夹持头内设有电磁铁，电磁铁、通电开关、充电电池三者电联。本发明解决了传统自拍杆取放手机不方便的问题，提供了一种取放手机十分方便的自拍杆。
59,带有数据库的办公楼入口闸机系统,CN105354908A,G07C9/00,一种属于智能化办公楼技术领域的带有数据库的办公楼入口闸机系统，包括定位器、控制器、无线信号发送接收器、个人信息数据库、墙体线束、手机、中央处理器、命令翻译器、控制模块，定位器、电源、控制器、第一无线信号发送接收器、个人信息数据库均布置在办公楼出入大厅的顶部墙体上，中央处理器、命令翻译器、第二无线信号发送接收器、控制模块均布置在手机内。在本发明中，手机为智能手机，手机号码与个人信息绑定；当办公人员带着手机靠近自动闸机时，挡板自动打开。本发明设计合理，结构简单，适用于智能化办公楼系统的设计。
60,一种口腔整体清洁设备及其使用方法,CN105287038A,A61C17/34; A61B1/24; A61B1/04,本发明公开了一种口腔整体清洁设备及其使用方法。所述设备包括控制把手、牙面清洁刷头、牙间牙窝沟刷头、舌苔牙龈刷头、口腔内窥镜，牙面清洁刷头、牙间牙窝沟刷头、舌苔牙龈刷头能够分别安装于控制把手上。本发明针对现有牙刷清洁只注重牙齿表面的弊端，根据人体口腔的形态设计了3种不同的刷头，对牙齿表面、牙齿与牙齿间、牙窝沟、舌苔、牙龈进行深层次无死角整体清洁，彻底去除口腔内的食物残渣和细菌。同时，内窥镜的设置使得使用者可以对口腔内情况进行自检，对未清洁干净部位进行再次彻底清洁。真正做到口腔整体清洁，保持口腔卫生健康的目的。
61,智能水阻力动感单车,CN105327485A,A63B22/06; A63B21/22; A63B24/00,智能水阻力动感单车，由车架、车把、车座、底座、脚踏、轮盘、传动机构和智能水阻器组成，智能水阻器固定在车架上，车架上的轮盘通过传动机构带动智能水阻器上的传动轮盘转动，智能水阻器的传动轮盘通过叶轮轴带动叶轮在叶轮室中转动，叶轮室与储水室通过连通管道连接，储水室设置注水口和排水口，连通管道中设置水泵和阀门，叶轮室中设置与控制器相连的水位传感器，控制器根据水位传感器的水位控制阀门和水泵以调整叶轮室内的液体达到相应水位。本发明阻力调节精度更高，更接近于模拟的现实单车的运动效果，同时运动过程中产生的水流声音和看到的水流效果可以大大增加运动锻炼的乐趣，而且通过控制器的联网，更容易的实现手机APP智能操控。
62,一种开门检测报警装置,CN105336068A,G08B13/08,本发明公开了一种开门检测报警装置，其特征在于：所述的报警装置包括主控板模块接收开门角度检测模块采集到的开门角度信息；同时主控板模块控制图像采集模块采集当前开门时的图像信息并通过无线通讯模块发送至用户手机上。本发明采用一种新的思路方法，通过所述陀螺仪MPU6050模块获取的三轴加速度、三轴角速度，然后算法解算得到开关门的角度，一旦检测异常，发警报，并通过采集模块录像拍照经4G传输至网络取证。
63,一种面向危险区域的垃圾搜索拾取装置及其系统,CN105353770A,G05D1/10; G05D1/12; H04N7/18,本发明涉及一种面向危险区域的垃圾搜索拾取装置及其系统，包括遥控直升飞机，所述遥控直升飞机上设置有摄像头和机械手臂；工作时，通过摄像头对清理区域进行检测，并对目标进行抓取，非常便捷，然后通过机械手臂对目标进行拾取，方便快捷，自动化程度高，清理范围大，大大降低了清理的危险性。
64,一种智能衣柜装置,CN105342164A,A47B61/00; A47B97/00; A47F1/00; A47F1/04,本发明公开了一种智能衣柜装置，包括衣柜主体、智能终端、控制处理系统和衣物数据库，所述智能终端分别连接衣柜主体、控制处理系统和衣柜数据库，所述衣柜主体包括传送装置、摄像头、升降通道、存取衣物窗口和多个存储层，所述存储层中设有多个存衣装置，所述摄像头安装衣柜主体上，所述升降通道位于衣柜主体内部或外部，所述衣柜主体还包括叠衣装置。本发明针对衣物收纳凌乱、存放与取拿不便的要求，可实现智能存取、智能归类、智能叠衣、智能建议和智能推荐的功能，能实现衣物高效管理，在提高生活便捷性、智能性的同时，有效利用智能衣柜空间。
65,一种APP中HTML5页面调试方法及装置,CN105357323A,H04L29/08; G06F11/36; G06F9/455,本发明提供了一种APP中HTML5页面调试方法及装置，方法首先在本地计算机上模拟APP运行环境，并存储HTML5页面，然后在模拟的APP运行环境中加载HTML5页面，并显示所加载的HTML5页面，最后根据显示的HTML5页面，对HTML5页面进行调试。本发明能在本地计算机呈现出HTML5页面在手机运行中的效果，并且在本地计算机中可采用浏览器对HTML5页面进行调试，能实现常用的调试方法，提高了HTML5页面的调试效率。
66,一种基于机器视觉的驾驶员疲劳驾驶检测系统及检测方法,CN105354988A,G08B21/06; G06K9/00,本发明提出一种基于机器视觉的驾驶员疲劳驾驶检测系统及检测方法，属于机器视觉、机器学习技术领域，该系统属于非侵入式检测系统，在检测时通过摄像头采集所需信息，不影响驾驶员的正常驾驶，且设备价格低、体积小，仅需在车内安装蓝牙摄像头，在手机内安装app软件，便可实现对驾驶员的疲劳检测；本系统采集信息方便易行，使用时仅需外加摄像头即可适应任何车型及路况，拥有一致的疲劳判断标准和较高的疲劳判断准确率；本系统综合眼部、嘴部和脸部疲劳特征，提高了在复杂的驾驶环境下疲劳判断的准确率，并结合机器学习根据驾驶员的反馈来快速更新系统自身参数以适应不同驾驶员自身的不同特点，系统训练时间短，计算速度快，实时性强。
67,GSM手机取号系统,CN105356902A,H04B1/3827; H04M1/02; H04M1/24; H04W8/24; H04W8/28,本发明提供了一种GSM手机取号系统，其特征在于，包括：具有可开合箱盖的箱体，箱体具有封闭的盖板，由盖板将控制单元、BTS单元、取号器封闭在箱体内；控制单元包括主控单元、存储单元及通信单元；BTS单元包括公共模块、基站收发信模块及基站辅助接口模块；取号器。只要嫌疑人手机靠近本发明提供的系统，即可获得该嫌疑人的号码。本发明在紧凑的体积内集成了电脑、BTS系统、取号器等核心部件。供电电源外置，可以用适配器工作，也可以用更大容量的电池来获得更长的工作时间。
68,一种智能电视推屏的方法、系统及智能电视,CN105357574A,H04N21/4367; H04N21/41,本发明适用于无线通信技术领域，提供了一种智能电视推屏的方法、系统及智能电视，所述方法包括：智能电视接收推屏指令；智能电视对当前的电视画面进行录制的同时，与打开WiFi热点的智能设备建立WiFi连接；WiFi连接成功后，智能电视推送录制的视频至所述智能设备，由所述智能设备播放所述录制的视频。本发明，在没有网络的情况下，智能电视可以对当前的电视画面进行录制的同时，与打开WiFi热点的智能设备建立WiFi连接，WiFi连接成功后，智能电视可以推送录制的视频至所述智能设备，由所述智能设备播放所述录制的视频，达到智能电视推送视频至手机等小屏幕智能设备的目的。
69,可分享通信录的通信方法,CN105357109A,H04L12/58; H04L29/06; H04L29/08; H04M1/2745,一种可分享通信录的通信方法，在该方法中：用户通过手机利用手机号码进行注册；服务器获取所述用户注册时使用的手机号码后录入到服务器内的通信录中；所述用户获得服务器的授权调取服务器内的所述通信录并可导出至用户手机内。在本发明中，通过服务器生成通信录，可实现同一个通信组织群体内成员间手机号码的共享，解决传统技术中存在的用户之间信息共享开放程度较低的问题。同时，手机号码是由用户通过申请获得授权后才能够调取，其安全性也得到了保障。
70,一种基于蓝牙的便携式多传感器多功能的物理实验系统,CN105405324A,G09B5/02; G09B23/06; G09B23/18; G01D21/02,本发明涉及一种基于蓝牙的便携式多传感器多功能的物理实验系统，该系统包括：数据采集模块1、控制器模块2、蓝牙无线传输模块3、数据处理与存储模块4、便携式数据显示模块5、交互模块6、电源模块7；控制器模块2读取数据采集模块1采集的数据并进行处理；控制器模块2将处理后的数据通过蓝牙无线传输模块3分别发送给数据处理与存储模块4和便携式数据显示模块5；数据处理与存储模块4完成数据的接收、处理与存储功能；便携式数据显示模块5接收控制器模块2发来的数据并将其绘制成图。通过上述方式，本发明使用手机观察物理量变化规律，用蓝牙传递数据，增加了便携性，而且体积小、集成多种传感器、可方便及时地进行数据处理。
71,一种利用移动终端拍照测距的方法及装置,CN105430273A,H04N5/232,本发明公开的一种利用移动终端拍照测距的方法，包括以下步骤：移动终端打开相机进入预览界面；通过距离传感器测量预览界面所有物体和拍照点之间的距离；AP与距离传感器通信，得到距离信息；AP将距离信息显示在移动终端的显示屏画面对应处；按下移动终端的拍照键，将距离信息同时保存在相片中。本发明所述的一种利用移动终端拍照测距的方法及装置，能够将移动终端的拍照技术与测距技术结合起来，并在照片中的距离信息显示在照片对应的物体上，用户能够方便、快捷地知道照片中的物体距离信息，增加用户使用移动终端的趣味性，用户体验较好。
72,一种大樱桃精细化种植管理系统及其方法,CN105427178A,G06Q50/02,本发明提出了一种大樱桃精细化种植管理系统，包括身份编码、预警管理模块、环境数据管理模块、种植管理模块、加工管理模块、产品检测模块、物流信息管理模块、销售管理模块、基础管理模块、标签打印模块、视频监控系统模块、数据处理模块和服务平台；该系统包含大樱桃的种植、加工、检测、物流等全过程的监测与管理，且在大樱桃的种植过程中对大樱桃的种植环境等因素做实时监控，确保并为追溯系统提供全方面的数据来源，通过生产的标准化与信息的不断收集整合，实现大樱桃的种植、加工、检测、销售全产业链可追溯。
73,一种基于Wi-Fi和PROFIBUS-DP总线互连的嵌入式Web网关和通信系统,CN105429871A,H04L12/66; H04L29/08,本发明公开了一种基于Wi-Fi和PROFIBUS-DP总线互连的嵌入式Web网关和通信系统，该嵌入式Web网关及通信系统使Wi-Fi网络和PROFIBUS-DP现场总线两种异构网络连接起来，并能通过无线终端（如平板电脑）的Web浏览器实现对工业现场设备的监控。该设计模块包括：基于Cortex？TM-A8内核的S5PV210微处理器模块、RS-485驱动器、高速光电耦合器、网络隔离变压器和无线网卡构成；其中S5PV210微处理器模块主要由S5PV210微处理器、DDR2？RAM存储器、NAND？FLASH存储器、USB接口、串口、复位电路以及电源控件组成。本发明能使相关人员不必工作在生产现场的一线即可无线监控设备及生产运行情况，调整设备工作状态，优化生产过程，并且该嵌入式Web网关成本低，性能稳定可靠，便于推广使用。
74,获取指纹信息的方法和装置,CN105425911A,G06F1/16; H04M1/02; G06K9/00,本发明涉及一种获取指纹信息的方法和装置，该方法包括如下步骤：建立指纹配件与移动终端的通信连接；所述指纹配件接收所述移动终端发送的指纹采集请求；所述指纹配件采集指纹信息，并将所述指纹信息通过所述通信连接传输至所述移动终端。通过本发明提供的技术方案，用户可以根据需求选购指纹配件，通过指纹配件就可以向移动终端传输指纹信息，移动终端利用此指纹信息同样可以进行指纹识别。移动终端厂商(如手机厂商、平板厂商)也没有必要在所有移动终端上设计配置指纹传感器，这样有利于移动终端的轻薄化设计，且节省移动终端的设计和硬件成本。
75,一种行走助力装置的控制系统及控制方法,CN105411816A,A61H3/00,本发明公开了一种行走助力装置的控制系统及控制方法，该行走助力装置的机械部分包括底座部分、大腿部分、小腿部分、足部分等，该装置的控制系统包括：主可充电移动电源、辅可充电移动电源，手动离合控制开关，电源管理模块，压力传感器，角度、加速度传感器，放大、滤波、模数转换模块，无线模块，电压控制模块，反馈模块，电压选通模块，处理模块等。所述控制系统对外部环境的判断，根据外部环境进行调整，执行与传统的按照固定程序执行的控制方法不一样的控制策略，同时，所述控制系统还包括学习模块，对用户的使用过和错误的判断过程，都有一个学习纠正的机制。
76,一种基于机动车灯的车场控制装置、自助缴费系统及方法,CN105427603A,G08G1/01; G07B15/02,本发明提供了一种基于机动车灯的车场控制装置、自助缴费系统及方法。本发明提供的基于机动车灯的车场控制装置包括：地感、控制模块、光信号感应模块、显示屏，其中，所述控制模块分别与地感、显示屏、及所述光信号感应模块连接。本发明提供的基于机动车灯的车场控制装置在车辆进入车场或小区时，给车辆匹配一个随机码，供车上人员记住；并在车辆要求驶出时，通过驾驶员操作车辆指示灯的方式，将该随机码“输入”车场控制装置；控制装置对驾驶员“输入”的随机码进行验证。本发明提供的技术方案应用在无人值守的小区、停车场等区域，驾驶员不用开车窗，在车内就可实现自动放行、自动交费。
77,一种空调控制系统及其控制方法,CN105423506A,F24F11/02; F24F11/00,本发明公开了的一种空调控制系统，包括：终端、服务器集群、数据库以及空调控制器，同时提供了一种空调控制方法，能够实现移动终端或者PC端的远程控制空调的控制功能，同时能够实时远程监控到各个空调的运行状态，得到实时反馈的故障信息，用户可以直接通过互联网将故障信息发送至厂家或者商家进行维修，亦可跟踪维修进度，使得对空调的操控更佳灵活方便，方便用户的使用以及体验。
78,一种基于FPGA的无人机建筑物探伤系统,CN105319218A,G01N21/88,本发明提供一种基于FPGA的无人机建筑物探伤系统，属于无人机领域，包括电源模块、传感器模块、图像采集模块、GPS模块、动作执行模块、无线通信模块、控制器模块、远程控制设备和无人机壳体；使用图像采集模块近距离采集建筑物图片，提高建筑物裂缝检测的精度；经过控制器模块压缩处理，由无线通信模块把图片信息传给远程控制设备供用户查看，用户可以很好了解高空建筑物的情况；用户根据传感器模块传回的感应数据，能更好控制无人机无死角拍摄，提高检测精度；本发明还进一步包括电量检测模块，实时检测电源的电量，防止作业过程中电源电量过低而出现事故意外，影响建筑物检测工作；解决现有建筑物探伤系统检测精度不高的问题。
79,一种手机对讲伴侣,CN105338194A,H04M1/725; H04B1/3827,本发明公开一种手机对讲伴侣，包括有一主控制器、一与主控制器连接的对讲模块、一与该主控制器连接的用于与手机进行连接的接口模块、一与对讲模块连接的射频天线及一供电装置。该手机对讲伴侣相比于对讲机而言无需设置键盘、送话器、听筒等部件，因此其结构简单、体积小巧；使用时仅需将对讲伴侣固定在身上，通过对手机的简单操作便能实现通信功能，使用非常方便；对人体而言，由于手机对讲伴侣的工作功率小，且远离人体头部，因此正常使用时产生的辐射几乎来源于手机本身，辐射较小。
80,物联网家用冷链周转箱运输检测系统及周转方法,CN105353752A,G05B19/418; G06Q10/08; G06Q50/28,<b>一种物联网家用冷链周转箱运输检测系统及周转方法。食品冷链是指易腐产品从加工、贮藏、运输、销售、直到送达消费者手中的特殊供应链系统，其各个环节产帚始终处于所必需的低温环境中，以保证食品质量安全。一种物联网家用冷链周转箱运输检测系统，其组成包括：冷链运输车辆（</b><b>2</b><b>）、居民楼</b><b>3</b><b>、温湿度探头（</b><b>13</b><b>），冷链运输车辆内安装有车载终端设备（</b><b>1</b><b>），车载终端设备通过</b><b>GPRS</b><b>网络与手机或计算机（</b><b>4</b><b>）连接，所述的车载终端设备通过与</b><b>GPS</b><b>定位卫星（</b><b>5</b><b>）连接，所述的居民楼的每一层都安装有冷链周转箱，所述的冷链运输车辆内具有冷链箱体（</b><b>14</b><b>），所述的车载终端设备与所述的温湿度探头连接。本发明应用于食品冷链周转箱的运输系统。</b>
81,一种手机放置支架,CN105357352A,H04M1/12,本发明公开了一种手机放置支架，包括第一支撑杆，第一支撑杆的上端部插接在固定座上，固定座中心设有活动转轴，第二、第三支撑杆呈左、右对称分布且上端部套接在活动转轴上，第二、第三支撑杆之间的夹角可调，第二、第三、第一支撑杆构成三角支撑架，第二、第三支撑杆下部的相同位置处设有均设有矩形缺口，矩形缺口的下内壁铰接有挡杆，挡杆可沿矩形缺口的下内壁旋转到垂直于第二支撑杆或第三支撑杆的角度，第二、第三支撑杆、挡杆形成用于放置手机的空间。本发明设有第二、第三、第一支撑杆构成三角支撑架，放置手机稳定性高，第一支撑杆可拆卸，第二、第三支撑杆能够合并收拢，体积小，方便携带，结构简单，具有良好的应用前景。
82,用于牙科手机的多孔负压式冷却结构,CN105342711A,A61C1/08,提供一种用于牙科手机的多孔负压式冷却结构，具有喷雾座，所述喷雾座设于牙科手机手柄端部的机头壳内且与机头壳相适配，所述喷雾座的两端外壁均设有用于水气密封的环形凹槽，位于上端的环形凹槽下方制有环状凹槽，且环状凹槽一端与机头壳内部设有的气孔相通形成环状气通道，所述环状凹槽另一端的内部均匀制有多个通向喷雾座下端面的气通道；位于下端的环形凹槽上方制有多个水通道，所述水通道一端与机头壳内部设有的进水孔相通，水通道另一端与气通道呈角度贯通。本发明利用负压原理用气将水带出，形成水雾达到冷却目的，冷却效果有了很大的改善，提高了手机安全使用率，延长了手机寿命。
83,一种小区智能安全系统,CN105355006A,G08B25/10; H04N7/18,本发明公开了一种小区智能安全系统，包括控制中心、闭路控制装置和启动模块，所述闭路控制装置与所述控制中心连接，包括多个设置在小区的重点区域的监控器，所述启动模块与所述监控器和所述控制中心连接，用于在接收到所述控制中心的控制指令或接收到大于等于预定的噪声信号或光强信号后，控制所述监控器对指定相向以指定角度进行监控，并将监控视频实时传送到所述控制中心。所述小区智能安全系统，通过增加启动模块，在达到预设条件后，控制监控器对预定方向以指定角度进行监控，降低了监控死角，提高了监控的灵活性和监控范围，提高了监控效果。
84,提高心率检测准确性的方法和系统,CN105342596A,A61B5/0245; A61B5/11,本发明主要是解决现有产品所存在的技术问题，从而提供一种可以提高心率检测准确性的方法，可以实现可穿戴设备对心率数据的准确检测，同时提供一种可以准确检测心率准确性的系统，综合两种发明为老人的生命安全提供多一份保障。
85,一种便于智能手机散热的游戏手柄,CN105344099A,A63F13/24; A63F13/90,本发明公开了一种便于智能手机散热的游戏手柄，在方向控制柄、按键控制柄之间通过连接板，连接板上设有用于放置智能手机的矩形凹槽，并通过吸盘放置手机晃动，而且，设置有时钟显示面板和喇叭孔，提醒用户玩一段游戏后，进行休息，减少对眼睛的伤害，并设有角度可以调整的散热风扇，方便智能手机的散热，保证有效的正常运行，结构简单，容易实现，具有良好的应用前景。
86,云端图片加载方法、装置及电子设备,CN105357325A,H04L29/08,本发明实施例公开了一种云端图片加载方法、装置及电子设备，所述方法应用于电子设备，所述方法包括：在所述电子设备未连通网络时，检测到执行加载图片操作时，获取所述加载图片操作中包括的待查看图片的标识；当所述电子设备未缓存所述待查看图片时，加载所述待查看图片的框架；每隔预定时间对所述电子设备的网络进行刷新；当检测到所述电子设备连通网络时，在已加载的所述待查看图片的框架中加载与所述待查看图片的标识相对应的图片数据。本发明适用于在用户手机所处的网络状态不好时对云端图片进行加载。
87,一种手机壳,CN105376371A,H04M1/02,本发明提供一种手机壳，包括壳体，还包括镜片、按钮、弹簧卡止机构，所述壳体侧面开设有凹槽，凹槽内设置有镜片；所述按钮设置于壳体背面，按钮与弹簧卡止机构相连接，弹簧卡止机构另一端与镜片相连接。所述镜片表面开设有限位槽，用于弹簧卡止机构的限位。按钮可控制镜片伸缩。本发明提供的手机壳，通过在手机壳侧面设置可以自动伸缩的镜片，方便人们使用手机拍照时，看到自己与镜头的对准位置，提高人们使用手机拍照的成功率，同时还可以有镜子照。镜子可伸缩，也防止了掉落产生的镜片破碎，增加安全性。
88,一种移动终端中基于图片显示的在线习题测试方法,CN105374249A,G09B7/02,本发明公开了一种移动终端中基于图片显示的在线习题测试方法。它包括如下步骤：1)由处理器将Word版本习题库中的每道习题内容生成不同分辨率的习题图片；2)将习题图片数据导入至后台数据库；3)处理器根据目标移动终端分辨率的反馈数据和习题需求指令，推送对应分辨率的习题图片；4)处理器根据目标移动终端提交的答案，进行批改，并将所有答题记录保存在后台数据库中；5)处理器结合用户群总体的答题情况判定习题难易程度，再根据目标移动终端的历史答题情况求推送相应的习题图片数据。本发明采用上述方法，解决了各类学科中设计到复杂数学公式的习题难以显示在移动手机端的问题。突破传统的试题显示局限，从而带给用户独特的测试体验。
89,一种智能热水供应系统,CN105371350A,F24D17/02; F24D19/10,本发明公开了一种智能热水供应系统，包括江水源热泵装置、智能控制装置和辅助加热装置，所述江水源热泵装置的输出端与用户的热水输入端连接，所述江水源热泵装置的输入端与所述辅助加热装置，所述辅助加热装置与所述智能控制装置，所述智能控制装置控制所述辅助加热装置将加热后的水输入到所述江水源热泵装置的输入端。所述智能热水供应系统，通过设置智能控制装置和辅助加热装置，对客户进行热水供应，可通过智能控制装置和辅助加热装置调节热水的供应水量和温度，满足用户的需求，同时使用江水源热泵装置，在辅助加热装置加热之前，水温较高，节省了辅助加热装置的电能。
90,一种液晶显示屏、液晶显示屏控制系统及其手机,CN105374322A,G09G3/34; H04M1/02,本发明提供一种具备镜子功能的液晶显示屏、液晶显示屏控制系统及其手机，液晶显示屏下贴合设置一软镜子，使得所述液晶显示屏工作在三种工作模式下：正常手机模式、待机模式和镜子模式；在所述镜子模式下，所述液晶显示屏的背光被开启，所述液晶显示屏停止上电；在所述正常手机模式下，所述液晶显示屏上电；所述待机模式下，所述液晶显示屏停止上电，所述液晶显示屏的背光被关闭。本发明通过背板电路和屏幕电路对于液晶显示屏和背光板的供电，实现了手机的镜子模式，不仅为用户提供了更加贴合用户实际使用的服务，也让手机的使用更加多元化，更加生活化，也更加智能化。
91,一种手机支架,CN105376374A,H04M1/11,本发明提供一种手机支架，包括倾斜设置的平台，固定于平台前部的挡板，以及固定于平台后部的支撑板，所述的挡板与平台呈锐角或直角设置，所述挡板中央有凹陷，所述平台顶端有限位柱。所述的前立板、平台和挡板为一体成型式结构。所述限位柱由可弯曲材料制成。本发明结构简单，固定大屏幕手机，适用于不同厚度和长度的手机的固定。由于平台顶端有限位柱，手机可以横放，也可以竖着放，限位柱可以弯曲，完全夹住手机。由于挡板中央有凹陷，可以容纳充电线，因此还能在充电时候放着，减轻手机用户手臂的酸痛。
92,电阻柜多功能监控装置,CN105375640A,H02J13/00,本发明提供的电阻柜多功能监控装置，包括处理器、用于采集电阻柜工作参数的信号采集单元、用于输出监控数据的信号输出单元、用于根据采集的工作参数自动对电阻柜进行保护的保护单元，以及用于电阻柜数据交换的通信单元；本发明的电阻柜多功能监控装置，可以对电阻柜各种参数进行检测及柜体环境调控，实现了自动化管理。自动控制报警、跳闸及报警信号参与后备保护，并且能够远程对电阻柜整体进行全面监控，保证系统的安全运行。
93,一种智能遥控自行车锁,CN105386661A,E05B71/02; E05B49/00; E05B47/06; E05B9/00; E05B17/22,一种智能遥控自行车锁，包括全封闭金属外壳，微型电动机搭配减速齿轮组，电池，遥控模块，SIM卡槽和SIM卡，蓝牙模块，锁轴，丝杆，遥控器，控制器，无线收发天线，关锁启动开关，开关锁限位开关。在遥控器或手机控制端的控制下，电动机驱动推拉式锁轴或半圆型锁片到限位开关位置自动停止，完成开锁和关锁，实现了自行车锁的智能化，远程遥控开关车锁，能有效的提升自行车锁的防盗性能，使用便捷性。
94,一种采用GSM远程控制电网通断的系统,CN105391176A,H02J13/00,本发明涉及一种采用GSM远程控制电网通断的系统，该系统由GSM信号发射设备、GSM信号接收模块、信号处理器、I/O接口、电动操作机构、传动机构、执行元件组成；信号发射设备用于发送控制指令；GSM信号接收模块用于接收控制指令；信号处理器用于对信号传送过来的控制指令进行辨别和处理；通过I/O接口去控制电动操作机构，电动操作机构通过中间的传动机构带动执行元件动作，用于执行信号处理器发送过来的操作指令，以控制电网接通或分断。本发明是技术人员通过多次实践设计出的一套采用GSM远程控制电网通断的系统，该系统不仅可控性强，而且成本低廉，通过现有成熟的通讯系统来达到远程控制的效果，非常值得推广和应用。
95,一种稻田间水层监测装置及方法,CN105387908A,G01F23/00,本发明涉及一种稻田间水层监测装置及方法，属于农业灌溉监测技术领域。技术方案是：包含水层水位计(1)、防盗护井和远程通讯机(3)，水层水位计(1)设置在防盗护井内，防盗护井布置在水稻田间，水层水位计通过现地无线网络与远程通讯机(3)通讯；一台远程通讯机与一台以上的水层水位计通讯，远程通讯机通过无线公网与管理部门的计算机或智能手机通讯。本发明的积极效果：实现了大面积水稻田间水层的自动监测，控制水层厚度，节约灌溉用水，适应水稻成长。本发明考虑了监测装置的安装及防护，同时，也充分考虑作物轮回种植需求，水位测井采用可锁定、可拆除方式，避免了由于水位测井的存在影响大面积水稻田的统一机耕。
96,EMMC测试装置,CN105390163A,G11C29/56,本发明公开了一种EMMC测试装置，包括测试座、第一连接板、第二连接板、第一公连接器、第二公连接器、第一母连接器、第二母连接器和测试终端，所述测试座上设有用于放置待测试EMMC的容纳槽，所述第一连接板的一面用于与所述容纳槽内的待测试EMMC电连接，所述第一连接板的另一面分别与第一公连接器和第二公连接器电连接，所述第二连接板的一面与所述测试终端电连接，所述第二连接板的另一面分别与所述第一母连接器和第二母连接器电连接，第一母连接器插接在第一公连接器上，第二母连接器插接在第二公连接器上。本发明提供的EMMC测试装置，不仅对EMMC无损，而且操作简单方便，测试效率高。
97,基于移动互联网控制的灌肠机,CN105407173A,H04L29/08; G08C17/02; A61M3/02,本发明提供一种基于移动互联网控制的灌肠机，其特征在于：包括账户管理服务器和基于互联网与所述账户管理服务器进行通信连接的若干台移动终端、若干台灌肠机，所述灌肠机包括温度传感器、压力传感器、动作执行部件、Wifi网络接口芯片和控制连接温度传感器、压力传感器、动作执行部件、Wifi网络接口芯片的单片机，所述Wifi网络接口芯片基于2.4G频段与互联网通信，所述单片机的第一I/O端口控制连接Wifi网络接口芯片。本发明的基于移动互联网控制的灌肠机，通过Wifi网络接口芯片，能够实现移动终端与灌肠机之间互联通信，移动终端可以远程控制灌肠机的执行动作并实时查看灌肠机的执行数据，最大程度的方便用户使用，利于灌肠仪的大范围普及使用和增加用户的个性化体验。
98,指纹采集装置及其成像器件及制备方法及电子设备,CN105404879A,G06K9/00,本发明公开了一种指纹采集装置及其成像器件及制备方法及电子设备，其中指纹采集装置的成像器件包括相对的采集面和成像面，所述采集面具有采集区，所述成像面具有与采集区对应的成像区，所述成像器件具有多个贯通采集区和成像区的小孔，所述小孔之间光绝缘。本发明实施例分辨力高，体积小。
99,一种基于HTTP协议的路由器远程管理系统,CN105407172A,H04L29/08; H04L29/06; H04L12/24; H04L12/26,本发明公开了一种基于HTTP协议的路由器远程管理系统，所述远程管理系统由路由器端、服务器端和控制终端组成，利用智能终端发出操作指令，并使用基于HTTP协议的通信方式，实现对路由器远程管理。本发明使用的HTTP通信基于通用端口80，避免受防火墙限制造成通讯故障，信号传输更加可靠。并且本发明还具有通用性能好，开发及维护费用低等优点。
100,冲泡饮品的冲泡控制方法及其装置,CN105395062A,A47J31/40; A47J31/44,本公开是关于一种冲泡饮品的冲泡控制方法及其装置，其中方法包括以下步骤：获取当前可添加冲泡饮品的类型信息；获取当前时间信息和/或冲泡容器所在的当前环境信息；以及根据当前时间信息和/或当前环境信息，以及当前可添加冲泡饮品的类型信息从当前可添加冲泡饮品中确定推荐冲泡饮品及对应的冲泡参数信息。通过本公开实施例，根据用户所在当前时间信息、当前环境信息以及当前可添加冲泡饮品的类型信息，确定推荐冲泡饮品及对应的冲泡参数，从而确定出冲泡饮品的最佳冲泡方案，进而能够为用户推荐适合当前情况的冲泡饮品，同时还可改善冲泡饮品的冲泡质量，提升用户的使用体验。
101,带袖子的被子,CN105394977A,A47G9/02,本发明涉及一种带袖子的被子，包括长方形的主被芯，主被芯一端两侧对称的设置拉链，拉链开口于主被芯的长边，拉链根部距离35～50cm，拉链与主被芯短边之间的部分为双层夹棉层，双层夹棉层两端开口形成袖管，拉链拉开后，所述袖管除根部外与主被芯脱开。所述拉链平行于主被芯短边，并距离短边20～30cm。本发明的优点是：造型新颖，功能性强，采用可独立出来保护手臂的袖管设计，解决了平时天冷坐床上看书或玩手机时普通被子对胳膊保护不了的问题，同时也可以作为普通被芯使用。
102,基于互联网+工业4.0智能制造管理的方法及系统,CN105427055A,G06Q10/06; G06Q50/04,本发明公开了基于互联网+工业4.0智能制造管理的方法及系统，利用基于互联网+工业4.0智能制造管理的方法及系统为系统的开发、测试、运行部署提供全面的信息资源服务；其特征在于，所述的基于互联网+工业4.0智能制造管理的方法及系统包括五层服务架构、两大安全体系与智能楼宇管理，五层架构自下而上分别为硬件平台层、软件平台层、生产制造执行层、业务运营管理层、战略管理层；同时通过智能楼宇管理、以及运行维护与IT管理体系、安全保障这两大体系一系列保障支撑辅助。将无处不在的传感器、嵌入式终端系统、智能控制系统、通信设施通过CPS形成一个智能网络，使人与人、人与机器、机器与机器以及服务与服务之间能够互联，从而实现横向、纵向和端对端的高度集成。以此构建一个生产网络、虚拟和现实世界的完美融合、信息物理融合系统建设应用的工业4.0新模式。
103,小型局域网式多方会议召开装置,CN105430628A,H04W4/12; H04W84/12; G06Q10/10,一种属于智能化厂区办公技术领域的小型局域网式多方会议召开装置，包括控制器、数据库、无线信号发送接收器、手机、中央处理器、命令翻译器、控制模块，电源、控制器、数据库均布置在厂区的墙体上，第一无线信号发送接收器分别布置在厂区墙体、办公楼内，个人信息均存储在数据库内，手机放置在员工身上，中央处理器、命令翻译器、控制模块布置在手机内。在本发明中，单位可以自动统计员工的上下班时间；员工可以利用自己的手机收发单位内部邮件，并相可以互定位与查找，举行多方会议。本发明设计合理，结构简单，适用于政府办公场所的智能化设计。
104,一种可快速自检的加热炉管漏磁内检测数据采集装置,CN105425678A,G05B19/042; G01N27/83,本发明公开了一种可快速自检的加热炉管漏磁内检测数据采集装置，属于无损检测领域。其包括可接入WIFI的上位机、无线路由器、嵌入式WIFI模块、FPGA芯片、数据采集单元以及数据存储单元。数据采集单元包括采样芯片和漏磁信号预处理电路，数据存储单元包括存储控制芯片和存储卡，FPGA芯片包括第一、第二以及第三端口，可接入WIFI的上位机上通过无线路由器与嵌入式WIFI模块进行数据交互，嵌入式WIFI模块上具有串口，该串口与所述FPGA芯片的第一端口相电连接，FPGA芯片的第二端口与采样芯片相电连接，FPGA芯片的第三端口与存储控制芯片相电连接。本发明装置可在加热炉管进行检测之前对自身实现状态检查。
105,一种乘客购票验票信息管理系统,CN105427056A,G06Q10/06; G06Q50/26,本发明涉及一种乘客购票验票信息管理系统，包括客运中心数据库端，所述客运中心数据库端分别与购票装置、检票装置、验票装置连接。本发明的优越效果在于：采用本发明所述乘客购票验票信息管理能实现智能购票、检票、验票，且在检票、验票过程中乘客可以不提供车票、身份证、手机信息等实物证据，乘客在不被打扰的情况下实现检票、验票，减少了人工检票、验票的工作量，且工作效率不低于95%。
106,一种无线智能插座,CN105428926A,H01R13/66; H01R13/70; H01R13/10,本发明公开了一种无线智能插座，包括无线电源模块、检测模块、无线控制模块；无线电源模块包括底座和电路板；检测模块包括信息检测单元、信息存储单元、通信单元、显示单元；无线控制模块包括无线通信模块、智能手机APP端、中央控制器，中央控制器通过无线通信模块与智能手机APP端连接；无线通信模块包括主控模块、APP协议模块、蓝牙模块、扩展接口模块。本发明的无线电源模块避免了复杂的线路连接，检测模块实时监测插座的工作状态，用户在使用过程中可以通过智能手机APP端实现对无线智能插座的实时监控，可以通过智能手机APP端控制插座的通断电，安全方便，智能化程度高。
107,气囊夹紧式自拍杆夹头,CN105430271A,H04N5/232; G03B17/56; G03B17/38; H04M1/13,本发明属于摄影器材领域，公开了一种气囊夹紧式自拍杆夹头，包括左侧开口的夹持箱，夹持箱的右侧内壁上设有气囊，气囊的气囊嘴穿过夹持箱的右侧侧壁，且气囊嘴的端部设有密封盖；夹持箱的左侧设有挡框，挡框与所述右侧侧壁之间的间隔距离为3-4cm；夹持箱的前侧侧壁上设有可供手机通过的长条形的通槽。本发明提供的气囊夹紧式自拍杆夹头，解决了现有手机自拍杆夹头夹紧手机时，手机容易变形而损坏或发生滑落而损坏的技术问题。
108,一种智能远程遥控自行车锁,CN105421895A,E05B47/00,一种智能远程遥控自行车锁，包括全封闭金属外壳，微型电动机搭配减速齿轮组，电池，通信模块，SIM卡槽和SIM卡，蓝牙模块，锁轴，丝杆，遥控器，控制器，无线收发天线，关锁启动开关，开关锁限位开关。在遥控器或手机控制端的控制下，电动机驱动推拉式锁轴或半圆型锁片到限位开关位置自动停止，完成开锁和关锁，实现了自行车锁的智能化，远程遥控开关车锁，能有效的提升自行车锁的防盗性能，使用便捷性。
109,一种生成订单的方法和装置,CN105354739A,G06Q30/06,本发明提供一种生成订单的方法和装置，能够利用输入框输入的关键字实现快速下单，为客户节省了下单所用时间，提高了效率；同时减少下单过程中多余步骤对网站请求数及对客户流量的消耗，在一定程度上提高了客户的购物体验。本发明的生成订单的方法包括：接收用户输入的关键字，然后确定所述关键字所对应的商品的属性选项并在当前界面的区域内输出；接收用户对所选商品的属性选项的设置，并根据接收到的用户已设置好所选商品的属性的下单操作指令生成该用户的订单并输出订单信息。
110,隧道围岩动态分级方法及其装置,CN105353427A,G01V11/00,本发明公开了一种隧道围岩动态分级方法及其装置，所述装置包括：布设在隧道掌子面处，用于获取围岩地质参数的围岩地质参数采集装置；与所述围岩地质参数采集装置相连接的第一无线通讯模块；布设在隧道洞口外的发射箱，该发射箱的安放位置为手机信号的覆盖范围之内；所述发射箱包括第二无线通讯模块和与所述第二无线通讯模块相连接的GPRS通讯模块；布设在所述围岩地质参数采集装置和所述发射箱之间的中继站；所述中继站连接所述第一无线通讯模块和所述第二无线通讯模块；通过GPRS网络连接所述GPRS通讯模块的服务器；本发明完成了隧道围岩的动态分级，围岩分级更加快速可靠。
111,一种课堂考勤系统及方法,CN105373981A,G06Q50/20; G07C1/10; H04W4/02,本发明公开了一种课堂考勤系统及其方法，系统包括数据库、后台服务器和移动终端，其特征在于所述的移动终端包括教师移动终端和学生移动终端，所述的移动终端通过无线网络连接到后台服务器，所述的后台服务器通过数据库管理系统连接数据库。方法包括教室位置信息采集、教师、学生身份信息采集、课堂信息二维码生成、课堂上课签到实现、课堂签到的认定、课堂下课签到的实现。本发明很好的解决了现有考勤系统需要借助第三方设备，以及考勤过程复杂，耗时等缺点，只要智能设备安装app，具备定位传感器，能够上网等就可自动完成连续多签到过程，从而为课堂质量提升提供有力支撑。
112,一种无人机上网的方法,CN105376348A,H04L29/12; H04W88/04,本发明涉及无人机领域，尤其涉及一种无人机上网的方法。在现有技术中移动终端与遥控器之间通常采用无线连接的方式，但采用无线连接容易受到信号的干扰，而使得数据传输存在很多不稳定因素，因此本发明的移动终端与遥控器之间采用USB-OTG接口，与现有技术中采用无线连接相比，数据传输更加稳定；该移动终端具有上网功能，并通过共享网络对第一路由器和第二路由器分配IP地址，使得无人机能够直接访问Internet。
113,一种用于手机游戏服务器的负荷迁徙方法,CN105376332A,H04L29/08,本发明公开了一种用于手机游戏服务器的负荷迁徙方法，包括1）设置单个游戏服务器的连接阈值；2）单个游戏服务器实时监听登录该游戏服务器的客户端数量；3）根据监听到的客户端数量，判断是否大于连接阈值；若大于，则执行4）；否则，返回2）；4）将超过客户端数量的客户端放入置等待队列中，并查找服务器列表，找到最靠近单个游戏服务器的空闲游戏服务器；5）将客户端的连接转移到空闲游戏服务器，进行客户端登录。本发明采用负荷迁徙模块对单个服务器的资源进行限制，能够解决大量用户同时登录单一服务器，防止服务器资源的衰竭，保证手机游戏的正常运行，具有良好的应用前景。
114,实现出入口动态开门密码的门禁系统,CN105374099A,G07C9/00,本发明提供一种实现出入口动态开门密码的门禁系统，包括门禁控制器和移动终端，所述门禁控制器包括密码生成模块、加密模块、二维码生成模块和LCD屏，所述移动终端内设有解密模块；其中，所述密码生成模块产生随机密码；所述加密模块对所述随机密码进行加密；所述二维码生成模块将加密后的随机密码转换成二维码；所述LCD屏显示所述二维码；所述移动终端扫描所述二维码，所述解密模块对二维码解密得到密码。由于采用了上述技术方案，本发明具有结构简单的优点，不需要通行者记忆密码，避免通行者忘记密码而不能通过门禁的情况，还能防止人为泄密，增强门禁通行的安全性。
115,一种氛围灯,CN105423179A,F21S6/00; F21V3/02; F21V21/10; F21V23/04; F21V33/00; F21W121/00; F21Y115/10,本发明公开了一种氛围灯，该氛围灯的主体由灯杆和底座组成，灯杆中间设有调节开关，灯杆上端内部设有LED灯，灯杆上方设有塑料光纤丝束，需要营造视觉氛围时，可用开关调节LED灯亮度，使灯光照亮塑料光纤丝束并投射向四面八方即可，灯杆上设有漏斗状灯罩，照明时，可上下滑动辅助调整灯光的照明范围，闲置时，可用于收纳钥匙、钱包、手机等物品，灯杆通过插槽嵌入连接在底座上，且灯杆下方的电源接口与底座上的电源座电性连接，打扫高处时，可先将灯杆从底座上拔出，接着手握灯杆下端并用塑料光纤丝束将高处的灰尘扫除，同时灰尘会落入到漏斗状灯罩中，防止灰尘落下来污染口鼻，十分方便，其有益效果是设计简单，可靠耐用，实用性较大。
116,一种可实现手机通信的带温差发电功能的智能暖手宝系统,CN105411739A,A61F7/08; H05B3/14; H02J7/32,本发明公开了一种可实现手机通信的带温差发电功能的智能暖手宝系统，本发明由电热片、充电控制电路、稳压电路、温差发电片、供电模块、温度传感器、微控电路模块、无线传输模块和手机APP组成。温差发电片产生的电能通过稳压电路处理后，经充电控制电路给供电模块充电；微控电路模块将温度传感器采集的信息通过无线传输模块发送到手机APP；供电模块为系统电路供电，同时也可为移动终端（如手机）充电；手机APP可实现对暖手宝温度的调节、电量的显示、充放电电量报警阈值的设置与报警。本发明通过回收散热的方式延长暖手宝的应用时长，节能环保；新型发热材料的应用和通过手机APP对发热温度的调节，增加其安全系数和舒适度。
117,一种无线式无创伤人体生理参数采集、检测及智能诊断系统,CN105411554A,A61B5/0205,本发明涉及一种无线式无创伤人体生理参数采集、检测及智能诊断系统，由无线式人体生理参数采集系统、人机交互与数据处理终端、智能专家诊断系统和客户端四部分构成。参数采集系统监测用户的生物电等众多信号，无线传输至交互与处理终端；终端将数据打包存储并上传至云端服务器，同时实时辨识用户是否突发紧急情况，若发生，则向用户监护人和联动医院发出紧急警告；专家系统则利用用户的大量检测数据，根据典型的身体状况特征和经验数据库诊断用户的健康状况，给出保健建议，若发现用户有疑似病症，则将初步的诊断结果和相关数据发送至联动医院，此外，专家系统还具有自学习能力；联动医院不仅处理紧急情况，还对疑似病例进行检查、核实和治疗。
118,智行包,CN105430767A,H04W84/18; H04W4/04; H04W4/02; G06K19/077; G01C21/16; H04M1/725; A45C15/00; B62K5/027,本发明公开了一种智行包，包括随行包、电源、智能传感器、网络层、微处理器、人机交互装置和应用层。智行包将导航定位、区块链、电子传感、数据网络、人工智能、分布式计算、自动控制、机器识别、移动计算、人机交互等一系列的技术合理有效的集成，嵌入到一个随身终端中，帮助改善人们的出行体验。智行包用户作为无线自组网中对等网络系统的管理者、监督者、使用者，自部署，自维护，自学习，自生产，从而构建一个去中心化的、自生长的出行数据库。可望成为智能城市交通系统的物联网终端件。
119,一种带手机夹的登山拐杖,CN105411127A,A45B3/00; A63B29/08,本发明公开了一种带手机夹的登山拐杖。靠近拐杖腿的拐杖手柄上设有手机夹；手机夹包括上夹片和下夹片，上夹片和下夹片之间设有转轴和扭力弹簧，摁压上夹片的左端时，上夹片张开，便于插入手机，在扭力弹簧的弹力作用下会闭合并夹住手机；套筒通过卡扣紧锁在下夹片的下方；套筒包括圆形凸块和缝隙结构；套筒内设有与L形支撑杆成一体结构的球体，球体通过带挡圈的螺母锁定在套筒内，球体能在套筒内灵活转动；L形支撑杆通过左端的外螺纹配合联接在带内螺纹的套管上，套管的左端通过焊接固定在靠近拐杖腿的拐杖手柄的外径端上。本发明不仅能代替自拍杆取得较好的手机拍摄效果，还便于使用手机观看屏幕，减轻登山作业的负荷和疲劳。
120,方便实用的手机套,CN105430135A,H04M1/02; A45C11/00,本发明公开了一种方便实用的手机套。盖板包括连成一体的左盖板、中盖板和右盖板；壳体包括壳体一和壳体二；左盖板与中盖板之间通过编制连接带一连接在一起并实现翻盖，中盖板与右盖板之间通过编制连接带二连接在一起，通过将右盖板插入壳体一与壳体二之间防止手机一与手机二相互刮擦；编制连接带一的宽度尺寸与壳体一和壳体二的侧面的高度尺寸之和相同，编制连接带二的宽度尺寸与壳体二的侧面的高度尺寸相同。本发明采用上述结构后，即可携带两部手机并同时进行看电影和聊QQ等多项手机功能的操作。
121,具有插接和旋转功能的手机壳,CN105430134A,H04M1/02,本发明公开了一种具有插接和旋转功能的手机壳。包括壳体一和壳体二，壳体一的上、下、左、右四个侧面的中部分别设有插口，壳体二的上、下、左、右四个侧面的中部分别设有与插口对应的插头；插口包括带外螺纹的套筒，套筒的筒内的左部中央设有圆形凸块，套筒的筒壁壁厚部分沿轴向设有对称的四条缝隙；插头包括圆锥体，圆锥体上套设螺母，螺母能与套筒的外螺纹配合联接，螺母的右端内径设有挡圈；圆锥体的左端设有球体，球体的直径略小于套筒的筒内直径，挡圈的内径小于球体的直径。本发明采用上述结构后，两个壳体之间能相互插接和旋转，可同时进行看电影和聊QQ等多项手机功能的操作。
122,一种面向5G车联网物理层安全的车载中继簇功率分配方法,CN105376847A,H04W52/42; H04W72/04; H04W72/08,本发明公开一种面向5G车联网物理层安全的车载中继簇功率分配方法，包括源车载终端、车载中继簇、目的车载终端、若干可信主用户终端和若干窃听终端，且均只配置单天线，分别记为ST、SR＝{SR1，SR2…SRk}、SD、PU＝{PU1，PU2…PUT}与EU＝{EU1，EU2…EUm}；所述源车载终端发送源信息并指定中继簇的功率分配；所述车载中继簇由若干可作为中继的可信车载终端组成，车载中继簇手机与各个接收端之间的信道状态信息、转发源信息及人工噪声。
123,基于RFID的智能冰箱系统,CN105423698A,F25D29/00; F25D11/00,本发明通过将超高频读写器、超高频RFID标签、操作平板、指纹识别器、Arduino开发板、微型电子秤、门磁开关、无线通信模块部件与冰箱结合。冰箱外侧放置指纹识别器，识别用户的身份，同时记录用户使用冰箱的时间、食材重量等信息；冰箱中放置读写器读取贴有RFID标签的食材信息，然后系统从后台数据库中读取食材信息显示在操作平板上，用户可在显示屏上进行交互操作，查看冰箱中储存的食材、查询食材的菜谱推荐以及菜品的具体做法；查看食材的保质期、食材的溯源信息等，用户取出或放入食材，系统自动更新食材清单并记录下用户取出的食材信息，系统通过对食用食材情况的判断自动绘制饮食曲线，结合用户的实际健康状况，给出合理的饮食建议。
124,相机镜头的保护方法、装置及智能设备,CN105425514A,G03B17/56; G03B17/02,本发明适用于智能设备技术领域，提供了一种相机镜头的保护方法、装置及智能设备，所述保护方法包括：当接收到相机启动指示信息时，启动相机以及预设的光标设备，所述光标设备能够发送红外光信号以及接收外界物体反射的红外光信号；根据所述光标设备接收到的红外光信号确定所述相机的移动状态；当所述相机处于异常移动状态时，启动预设的保护装置以保护所述相机的镜头。本发明实现了在拍摄过程中对相机的异常滑落检测，以及在异常滑落时触发预设的保护装置以防止相机的镜头摔坏，有效地增强了对相机镜头的防护效果。
125,一种高定位精度的中远距离智能读写井盖设备及其识别方法,CN105425260A,G01S19/42; G06K17/00; E02D29/14,本发明涉及一种高定位精度的中远距离智能读写井盖设备及其识别方法，井盖设备包括远距离RFID读写模块、无线通信模块、定位模块、高精度坐标修正模块，电池供电模块以及中央控制模块；所述井盖设备为手持移动设备，用以远距离读取一设置于井盖上的远距离RFID标签，识别井盖的设备号并绑定井盖的精确经纬度坐标数据，上传至一井盖监控平台；中央控制模块通述无线通信模块与井盖监控平台相连进行通信。本发明能够快速读取井盖的RFID设备信息，然后现场完成高精度经纬度坐标标定和纠偏，并进行绑定上传至监控中心存档，实现了井盖快速定位布署及巡检。操作员通过手持移动设备的显示屏在现场也能直观看到布署或者巡检工作的完成情况，评估工作质量。
126,一种远程节能电热水器控制系统,CN205079463U,F24H9/20,本实用新型公开一种远程节能电热水器控制系统，包括太阳能电池板、220V市电、多路选择模块和控制中心，所述太阳能电池板和220V市电的输出端均连接多路选择模块，所述多路选择模块还连接控制中心，所述控制中心还分别连接热水器、电压检测模块、计时器、存储电路和物联网无线终端，热水器还连接电压检测模块，物联网无线终端还连接便携设备。本实用新型电热水器控制系统采用双电源供电模式，利用可再生的太阳能资源对热水器的供电能源进行补偿，极大的节约了电能，而且系统设置了远程控制模块，通过手机、电能等移动设备和无线网络方便的控制热水器的开启和关闭，因此具有节能环保、使用方便、智能化程度高的优点。
127,一种智能心血管内科护理监视系统,CN105411552A,A61B5/0205; A61B5/01; A61B5/0476; G06F19/00,本发明提供了一种智能心血管内科护理监视系统，箱体的正表面设置有操控板，操控板上安装电源工作显示灯和操作装置，箱体右侧设置心血管监视器，心血管监视器一侧通过第一导线连接正极感应圈，心血管监视器另一侧通过第二导线连接负极感应圈，心血管监视器下侧设置有血压计装置，操控板设置有电子医疗信息端、情绪感知模块、脑电波感知模块、体温感知模块、远程诊疗单元、监控系统、手机APP模块。通过电子医疗信息端查询病人的电子病历，对医护人员的医护工作进行指导；通过情绪感知模块、脑电波感知模块、体温感知模块结合远程诊疗单元，加强了护理的准确性和及时性，智能化程度高，减轻了医护人员的工作强度。
128,一种VR眼镜与移动终端的充电装置,CN105429247A,H02J7/00,本发明公开一种VR眼镜与移动终端的充电装置，包括：移动终端USB接口、VR眼镜充电接口、外部供电装置；移动终端USB接口通过外部供电装置给VR眼镜供电；或移动终端USB接口与VR眼镜充电接口电连接，使移动终端给VR眼镜供电；ID切换单元分别与移动终端接线口和VR眼镜端接线口电连接；ID切换单元将外电源电压整定为移动终端充电电压和VR眼镜供电电压，并通过移动终端接线口给移动终端充电，通过VR眼镜端接线口给VR眼镜供电。避免了由于二极管阻抗高，使电流经过二极管会产生压降，导致到移动终端的电压过低而充不进电，还可以让使用者可以一边玩游戏一边充电。
129,机房动力环境集中监控系统,CN105425762A,G05B19/418,一种机房动力环境集中监控系统，它包括监控管理中心以及通过通信网络与之连接的动力设备监控系统、机房环境监测系统、视频监控系统和机房安防监控系统，所述监控管理中心用以对机房的环境、动力进行集中监控管理，接收机房各种实时数据，显示监控画面，实现对监控数据的实时处理分析、存储、显示和输出功能，处理所有的报警信息，记录报警事件，通过电话语音或手机短信等输出报警内容，发送管理人员的控制命令给设置在机房的动力设备监控系统、机房环境监测系统、视频监控系统和机房安防监控系统。本发明解决了现有机房监控设备无法全方位监控机房环境的问题，保障了机房设备稳定运行和机房安全，对促进电源设备维护现代化具有积极的促进作用。
130,一种电力集中抄表运维系统,CN105427573A,G08C17/02; G08C25/00,本发明涉及电力集中抄表运维系统，包括智能手机(1)、运维模块(2)、蓝牙设备(3)、升压模块(4)和多个被运维设备(5)，智能手机(1)和运维模块(2)之间通过蓝牙设备(3)进行通讯连接，升压模块(4)与智能手机(1)和运维模块(2)相连以将智能手机(1)的电源进行升压并将其作为运维模块(2)的电源，运维模块(4)通过无线和本地方式与多个被运维设备(5)进行连接。该电力集中抄表运维系统便携易用、操作安全、通讯稳定、交互方便、且能够实现数据转存和实时显示。
131,一种无线智能运动心率监测耳机,CN105411597A,A61B5/11; A61B5/0245; A61B5/00,本发明涉及一种无线智能运动心率监测耳机，包括：运动状态类型检测单元8、心率数据监测单元10、心率数据处理单元9、运动轨迹识别单元15、缓存单元11、双模蓝牙通信单元12以及智能终端16，其中，运动状态类型检测单元8和心率数据监测单元10分别与心率数据处理单元9连接，缓存单元11与心率数据处理单元9连接，心率数据处理单元9与双模蓝牙通信单元12连接，运动轨迹识别单元15与双模蓝牙通信单元12连接。本发明体积小，可以存储音乐，脱离手机独立工作，减轻运动者身上携带重量；可以实时检测、快速测量运动状态下的心率数据，检测准确性高，具备语音提示功能；可以通过双模蓝牙拨打或接听电话，显示并分析运动数据，给用户提供运动建议。
132,一种近距离通信服务装置,CN105429659A,H04B1/16; H04B5/02,本发明提供一种近距离通信服务装置，至少包括可采用广播方式发送数据且广播距离有限的发送端子装置和可以在不需要事先与发送端子装置建立通信链路就可直接接收发送端子装置采用广播方式发送的数据并可根据内容选择接收数据的接收端子装置两个部分，发送端子装置数量受通信带宽限制但接收端子装置数量不受通信带宽限制；本装置可以无线方式或有线方式提供音频、视频、图片、文本或指令等数据服务，数据可以无线电波、光波、导电线缆的电信号或导光线缆的光信号形式传输，接收端子装置可具有以可视、可听、可闻、可温感或可触感方式展示所接收数据的部件或其组合。本发明提供的近距离通信服务装置方便的实现了近距离通信服务，减少流量压力和成本。
133,一种基板式摄像模组标准器件及其组装方法,CN105430249A,H04N5/225,"本发明公开了一种基板式摄像模组标准器件及其组装方法，其适用于手机、掌上电脑、笔记本等便携式数码设备。其中,包括镜头组件和芯片组件；所述的芯片组件包括IR组件感光芯片和封装基板；所述的镜头组件包括镜头和镜头支架；所述的封装基板为三层有机线路板。本发明具有标准化、结构简单、易组装和节能环保的效果。"
134,一种使用互联网的智能移动充电系统及方法,CN105406536A,H02J7/00; B60L11/18; G06Q30/06,一种使用互联网的智能移动充电系统及方法，包含：救援车APP、充电救援车、被救援车APP、救援平台；所述救援车APP包括用户模块、订单模块、监控模块和通讯模块；所述充电救援车包括：控制器、GPS装置、直流充电机、交流充电机和计量模块；所述被救援车APP包括：用户模块、订单模块、支付模块和通讯模块；所述救援平台包括：接入模块、订单执行模块、车辆筛选模块、救援车监控模块、账单管理模块和用户认证模块。本发明能完成一键救援功能，加快救援速度，增加派车准确度和效率，杜绝强制性消费和霸王服务，提升救援服务透明度和及时性，提高服务体验和服务质量。
135,自动施压式手机显示屏压平装置,CN105415850A,B32B37/10,本发明公开了一种自动施压式手机显示屏压平装置，包括水平工作台、快速夹具、压板、以及支撑板，还包括压板驱动装置，所述压板驱动装置包括转角缸、连接各快速夹具手柄的横杆、以及连接横杆与转角缸转轴的连板。本发明通过快速夹具带动压板实现对手机平面进行压平，压紧过程中通过压板上设置的第一弹性垫的变形来提供压紧力，使得其在压紧过程中还可以保护手机屏，同时装夹完成后快速夹具可长时间对手机屏幕施加压力，从而能保证压平质量，且压平劳动强度低；同时本压平装置可一次压平多个手机显示屏，压平工作效率高，并且由于通过转角杠驱动快速夹具的手柄转动实现压紧与放松动作，进一步提供高了压平工作效率，降低了劳动强度。
136,带自动装箱功能的手机显示屏压平装置,CN105416725A,B65B61/24; B65B23/20; B65B35/18,本发明公开了一种带自动装箱功能的手机显示屏压平装置，包括水平工作台、显示屏支撑板、压板机构、推料机构和装箱机构；本发明通过气缸驱动压板实现对手机平面进行压平，一次可对多个手机显示屏进行压平作业，生产效率高，劳动强度低；且压紧过程中通过第一弹性垫保护手机显示屏，能避免显示屏被损坏；在压平工作结束后通过气缸驱动推板将显示屏顶出矩形限位凹槽，卸件速度快；同时通过直线电机、真空吸盘和升降工作台协同作业实现自动装箱，进一步提高了生产效率。
137,带自动装卸料装置的手机外壳抗磨检测装置,CN105415172A,B24B41/00; G01N3/56,本发明公开了一种带自动装卸料装置的手机外壳抗磨检测装置，包括工作台、施磨装置、推料装置、以及自动装卸装置；本发明检测时，控制器控制电机驱动砂轮对手机外壳施加摩擦力，以实现对手机外壳的耐磨性检测，检测工作效率高；检测完成后控制器控制第一气缸动作将底座推到装卸料工位，再控制第二直线电机动、第二气缸和真空吸盘动作，将工件吸住并送往成品升降台，装件后再控制第二直线电机动、第二气缸和真空吸盘动作，使真空吸盘移动至待测品升降台上方将待测件吸住，然后再移动至检测工位进行检测，如此重复动作直至传感器检测到装卸料工位上无工件时，检测作业完成；本装置实现了在作业时无需工作人员值守，可很大的节约人力成本。
138,手机外壳抗磨检测装置,CN105424522A,G01N3/56,本发明公开了一种手机外壳抗磨检测装置，包括带检测台、压紧装置、支撑检测台的立柱、位于检测台下方并与立柱上下滑动配合的承载板、设置在承载板上的支架、设置在支架上的砂轮、与砂轮连接的从动链轮、设置在承载板上的电机、与电机转子连接的主动链轮、以及连接主动链轮与从动链轮的链条，所述立柱上还设置有支撑承载板的弹簧；所述检测台中部设置有矩形孔，所述砂轮沿支架平行并列布置若干个，且砂轮位于矩形孔中。本发明手机外壳抗磨检测装置，其通过电机驱动砂轮对手机外壳施加摩擦力，以实现对手机外壳的耐磨性检测，砂轮的旋转速度快，且砂轮设置多个，从而能更全面快速的对手机外壳进行检测，检测工作效率高，劳动强度低。
139,多功能护理洗浴椅,CN105411449A,A47K3/12,一种多功能护理洗浴椅，它包括前支架、小腿调节机构、安全把手、椅座、后支架、靠背、靠背调节机构、底架支撑、扶手机构、颈托机构、助推把手。在坐姿下，可以分别对患者左右腿的小腿与大腿之间的角度可以调节，通过腿托支架、伸缩管、转座、支撑管组成的四连杆机构来实现，满足不同残障者洗浴时对腿部的支撑要求；通过靠背支架与后支架处的靠背调节座之间的弧面配合定位，可以进行靠背角度的分档调节，满足不同患者的舒适度要求；前支腿、后支腿、座架支架、下纵支撑组成四连杆机构，来实现洗浴椅的折叠，同时，靠背也可向下翻转，以进一步减少折叠空间；本发明简单实用、调节方便、安全可靠，成本低，搬运轻便。满足不同的残障者洗浴要求。
140,一种人体坐姿检测和健康评估系统及方法,CN105411590A,A61B5/107; A61B5/00,本发明涉及一种人体坐姿检测和健康评估系统和方法，包括坐姿检测硬件部分和用户终端APP人机交互平台，坐姿检测硬件部分包括压力传感器阵列，二阶滤波器，电源模块，微处理器，无线发送模块，手机APP平台包括坐姿显示，问题坐姿区域提醒，久坐提醒，短期长期健康评估及其后台可链接的医学病理常识。还包括附加的一些功能，比如备忘录，坐姿数据保存、分享和网上“坐姿好友”社区。本发明可以根据用户近期的坐姿状况，提供个性化的医学知识普及和饮食生活建议。帮助用户了解自己的坐姿状况，保护自己的身体健康。同时系统实时检测人体坐姿产生的数据不会影响检测硬件和手机内存空间，所有有用的数据会传到云数据库，随时供用户查询。
141,手机显示屏自动压平装置,CN105415671A,B29C65/64; B23P19/027,本发明公开了一种手机显示屏自动压平装置，包括水平工作台、显示屏支撑板、压板机构、推料机构以及装箱机构，所述显示屏支撑板中设置有矩形限位凹槽；本发明通过气缸驱动压板实现对手机平面进行压平，一次可对多个手机显示屏进行压平作业，生产效率高，劳动强度低；在压平工作结束后通过气缸驱动推板将显示屏顶出矩形限位凹槽，卸件速度快，从而进一步提高了压平工作效率；压平作业结束后，其通过第二气缸将手机显示屏推动至取件工位，通过装箱机构装箱，装箱速度快，生产效率高。
142,一种九宫格矩阵LED灯手电筒,CN105423165A,F21L4/00; F21V19/00; F21V23/04; F21V33/00; F21Y115/10,本发明提供了一种九宫格矩阵LED灯手电筒，包括筒体、筒头与发光体，所述的筒体内设置有电池；所述的发光体设置在筒头内；所述的发光体为LED矩阵灯；所述的LED灯矩阵上设置有可与手机进行连接的控制模块；所述的控制模块控制LED灯矩阵发光的强度；所述的LED灯矩阵的排列方式为九宫格；LED灯发光时将手机导航上的指向投影在地面上。本发明的手电筒的LED灯矩阵的排列方式为九宫格，在满足指向灯变换的条件下使用的LED灯最少，既解决了人们在夜间或者山路上行走时需边照明边确定方向的麻烦，又节省了成本。
143,手机显示屏压平装置,CN105415672A,B29C65/64; B23P19/02,本发明公开了一种手机显示屏压平装置，包括水平工作台、设置在水平工台上的快速夹具、与快速夹具的压臂连接的压板、以及设置在工作台上的显示屏支撑板，所述压板上设置有第一弹性垫。本发明手机显示屏压平装置，其通过快速夹具带动压板实现对手机平面进行压平，压紧过程中通过压板上设置的第一弹性垫的变形来提供压紧力，由于第一弹性垫具弹性，使得其在压紧过程中还可以保护手机屏，同时装夹完成后快速夹具可长时间对手机屏幕施加压力，从而能保证压平质量，且压平劳动强度低；同时本压平装置可一次压平多个手机显示屏，压平工作效率高。
144,带自动装卸料装置的手机显示屏抗磨检测装置,CN105417155A,B65G47/91,本发明公开了一种带自动装卸料装置的手机显示屏抗磨检测装置，包括工作台、显示屏定位装置、划针装置、推料装置、以及自动装卸装置；本发明带检测时，控制器控制第一直线电机实现对手机吸纳视频的抗磨性检测，检测完成后控制器控制第一气缸动作将底座推到装卸料工位，再控制第二直线电机动、第二气缸和真空吸盘动作，将工件吸住并送往成品升降台，装件后再控制第二直线电机动、第二气缸和真空吸盘动作，使真空吸盘移动至待测品升降台上方将待测件吸住，然后再移动至检测工位进行检测，如此重复动作直至传感器检测到装卸料工位上无工件时，检测作业完成；本装置实现了在作业时无需工作人员值守，可很大的节约人力成本。
145,带自动推料机构的手机显示屏压平装置,CN105415851A,B32B37/10; B32B38/18,本发明公开了一种带自动推料机构的手机显示屏压平装置，包括水平工作台、快速夹具、压板、以及显示屏定位板，还包括推料机构和压板驱动装置，本发明通过转角缸驱动快速夹具实现对手机平面进行压平，压紧过程中通过压板上设置的第一弹性垫的变形来提供压紧力，由于第一弹性垫具弹性，使得其在压紧过程中还可以保护手机屏，同时装夹完成后快速夹具可长时间对手机屏幕施加压力，从而能保证压平质量，且压平劳动强度低；同时本压平装置可一次压平多个手机显示屏，压平工作效率高，并且压板的压紧与放松自动完成，降低了劳动强度；在压平工作结束后通过气缸驱动显示屏支撑板上升将显示屏顶出显示屏定位板，从而能进一步提高了压平工作效率。
146,手机显示屏抗磨检测装置,CN105424521A,G01N3/56,本发明公开了一种手机显示屏抗磨检测装置，包括显示屏定位装置和划针装置；所述显示屏定位装置包括底座和夹持显示屏的夹板机构，所述划针装置包括固定在底座旁的支架、设置在支架上的直线电机、与直线电机的滑块固定连接的横杆、通过吊架与横杆连接的导向板、沿导向板并列设置的若干划针、以及与各划针可拆卸式连接的针座，所述划针与导向板上下滑动配合。本发明的针座上设置有若干根划针，使得划针在滑动过程中能覆盖整个手机屏幕，从而能全面检测显示屏各部位的抗磨性，检测效率高；且划针与针座可拆卸式连接，使得其能根据手机显示屏的宽度调整划针的数量，通用性好。
147,气缸驱动式手机显示屏压平装置,CN105415852A,B32B37/10; B32B38/18,本发明公开了一种气缸驱动式手机显示屏压平装置，包括水平工作台、显示屏定位板、压板机构和推料机构，所述显示屏定位板中设置有矩形限位孔，所述限位槽中设置有与其上下滑动配合的显示屏支撑板；本发明气缸驱动式手机显示屏压平装置，其通过气缸驱动压板实现对手机平面进行压平，压板的压紧和放松通过控制气缸自动实现，一次可对多个手机显示屏进行压平作业，生产效率高，劳动强度低；且压紧过程中通过第一弹性垫保护手机屏，能避免显示屏被损坏；在压平工作结束后通过气缸驱动显示屏支撑板上升将显示屏顶出显示屏定位板，卸件速度快，从而进一步提高了压平工作效率。
148,一种防止小孩锁车内的方法,CN105416223A,B60R21/015,本发明公开了一种防止小孩锁车内的方法，车内设有红外探测仪，锁门；红外扫描车内是否有活物，没有活物则正常关闭，如果有活物则发出警报S5；判断是否开门处理，没处理则发送信号给手机，已处理就结束。采用上述技术方案提供了一种汽车自带的防止小孩锁车内的方法。此方法可以在关门的同时进行红外扫描，车内若有小孩或者猫狗等动物可以及时发出警报提醒人们注意，如仍未注意到则发送信号给手机，以此通知大人及时处理，防止发生任何的意外，对小孩进行更好的保护。
149,别墅屋脊循环通风系统,CN105275225A,E04H1/04; E04D13/035; E05F15/77,一种属于智能化建筑物技术领域的别墅屋脊循环通风系统，包括电源、控制器、第一无线信号发送接收器、手机、中央处理器、命令翻译器、第二无线信号发送接收器、控制模块，手机放置在别墅住户身上，电源、控制器、第一无线信号发送接收器均布置在顶墙上，中央处理器、命令翻译器、第二无线信号发送接收器、通风窗控制模块均布置在手机内部，第一无线信号发送接收器、第二无线信号发送接收器能够自动相互识别核对与连接。在本发明中，别墅住户可以利用自己的手机来控制通风窗等设备的开关。本发明设计合理，结构简单，适用于建筑物的智能化设计。
150,手持式地暖装置控制系统,CN105299742A,F24D19/10; F24F11/02,一种属于智能化建筑物技术领域的手持式地暖装置控制系统，包括电源、控制器、第一无线信号发送接收器、手机、中央处理器、命令翻译器、第二无线信号发送接收器、控制模块，手机放置在别墅住户身上，电源、控制器、第一无线信号发送接收器均布置在顶墙上，中央处理器、命令翻译器、第二无线信号发送接收器、通风窗控制模块均布置在手机内部，第一无线信号发送接收器、第二无线信号发送接收器能够自动相互识别核对与连接。在本发明中，别墅住户可以利用自己的手机来控制通风窗等设备的开关。本发明设计合理，结构简单，适用于建筑物的智能化设计。
151,监视器视频实时传输机构,CN105306763A,H04M11/00; H04N7/18; G05B19/418,一种属于智能化建筑物技术领域的监视器视频实时传输机构，包括电源、控制器、第一无线信号发送接收器、手机、中央处理器、命令翻译器、第二无线信号发送接收器、控制模块，手机放置在别墅住户身上，电源、控制器、第一无线信号发送接收器均布置在顶墙上，中央处理器、命令翻译器、第二无线信号发送接收器、通风窗控制模块均布置在手机内部，第一无线信号发送接收器、第二无线信号发送接收器能够自动相互识别核对与连接。在本发明中，别墅住户可以利用自己的手机来控制通风窗等设备的开关。本发明设计合理，结构简单，适用于建筑物的智能化设计。
152,双层建筑物灯光控制系统,CN105338717A,H05B37/02,一种属于智能化建筑物技术领域的双层建筑物灯光控制系统，包括电源、控制器、第一无线信号发送接收器、手机、中央处理器、命令翻译器、第二无线信号发送接收器、控制模块，手机放置在别墅住户身上，电源、控制器、第一无线信号发送接收器均布置在顶墙上，中央处理器、命令翻译器、第二无线信号发送接收器、通风窗控制模块均布置在手机内部，第一无线信号发送接收器、第二无线信号发送接收器能够自动相互识别核对与连接。在本发明中，别墅住户可以利用自己的手机来控制通风窗等设备的开关。本发明设计合理，结构简单，适用于建筑物的智能化设计。
153,一种全天候智能联网报警系统,CN105336089A,G08B19/00; G08B25/10,本发明公开了一种全天候智能联网报警系统，包括监控平台和若干个独立间隔区域分布的采集单元，以及连接监控平台和采集单元的ZigBee构架网络；采集单元包括智能主机和与智能主机连接的网络高清摄像机、云台、存储模块、报警模块、对讲系统、电源模块、传感器组和无线收发模块。本发明通过整合无线报警主机、无线探测器、云台和手机报警推送等功能，不仅能够像一般监控摄像机那样录像、拍照和监控，还可以和无线门磁、无线红外探测器、无线烟感以及警号、警笛等报警探测器配合工作，配合ZigBee点对点的无线控制，实现公共管理区域的模块化智能安防管理。
154,基于手机APP预约认证及引导支付的充电桩工作方法,CN105391867A,H04M1/725; G06Q20/32; G06K7/10; H04L29/08,本发明涉及一种基于手机APP预约认证及引导支付的充电桩工作方法，包括：首先，用户在手机APP中搜寻周边空闲可用的充电桩；后台管理系统经分析给出可预约的充电桩列表，并给出预约推荐，将信息发给用户手机APP；用户在手机APP上选择合适的充电桩进行预约确认，预约成功后，后台管理系统下发预约认证号码分别到用户手机APP、预约指定的充电桩；用户在到达指定充电桩后，进行预约号码匹配，开始充电；充电完毕之后，引导用户手机APP进行二维码扫描支付；支付成功后，用户可拔出充电线缆，充电过程完毕。本发明可以保证用户前往的充电桩是自己成功预约的充电桩，可以实现预约充电桩时快速准确的进行定位和导航，支持第三方支付平台的接入，方便快捷。
155,一种带触摸功能的无线棋钟,CN105303638A,G07C1/24; G07C1/28,本发明实施例提供一种带触摸功能的无线棋钟，该无线棋钟包括棋钟本体（101）和若干个带触摸MCU、磁石和无线模块的触摸按键块，棋钟本体（101）内的主PCB板（108）的无线模块（107）与触摸按键块的无线模块通过无线方式进行通信，棋钟本体的无线模块可以与手机或平板移动终端或电脑的无线模块交换数据，以便即时自动提供有效的并经比赛各方确认的所有比赛信息，比赛完成后通过触摸按键块的磁石吸附在棋钟本体上。
156,电子票务自动接收系统,CN105335789A,G06Q10/02; G06Q50/30,一种属于智能化火车候车室技术领域的电子票务自动接收系统，包括控制器、无线信号发送接收器、铁路信息数据库、墙体线束、手机、中央处理器、命令翻译器、控制模块，手机放置在火车乘客身上，电源、控制器、第一无线信号发送接收器、铁路信息数据库均布置在工作间的墙体上，第一无线信号发送接收器、铁路信息数据库均与火车站内部局域网相连接，中央处理器、命令翻译器、第二无线信号发送接收器、控制模块均布置在手机内。在本发明中，火车乘客可以用自己的手机查询自己所乘坐的那节车厢的铁路乘客沿途分布情况。本发明设计合理，结构简单，适用于火车站候车室的智能化设计。
157,多排书柜并行布置系统,CN105357396A,H04M1/725; G06F17/30,一种属于图书馆技术领域的多排书柜并行布置系统，包括图书室、书柜、藏书、移动电机、藏书信息装置、控制器、第一无线信号发送接收器、图书室线束、手机、中央处理器、命令翻译器、第二无线信号发送接收器、图书检索模块，手机放置在图书管理员身上，电源、藏书信息装置、控制器、第一无线信号发送接收器均布置在图书室的顶部墙体上，中央处理器、命令翻译器、第二无线信号发送接收器、控制模块布置在手机内。图书管理员通过自己的手机，就可以对图书信息进行检索，并对图书室内的相关设备进行控制。本发明设计合理，结构简单，适用于智能化图书馆管理系统。
158,图书馆设备智能开关控制系统,CN105353749A,G05B19/418,一种属于图书馆技术领域的图书馆设备智能开关控制系统，包括图书室、书柜、藏书、移动电机、藏书信息装置、控制器、第一无线信号发送接收器、图书室线束、手机、中央处理器、命令翻译器、第二无线信号发送接收器、图书检索模块，手机放置在图书管理员身上，电源、藏书信息装置、控制器、第一无线信号发送接收器均布置在图书室的顶部墙体上，中央处理器、命令翻译器、第二无线信号发送接收器、控制模块布置在手机内。图书管理员通过自己的手机，就可以对图书信息进行检索，并对图书室内的相关设备进行控制。本发明设计合理，结构简单，适用于智能化图书馆管理系统。
159,无工作人员值守式银行等候室,CN105354618A,G06Q10/02; G06Q40/02,一种属于智能化银行办公场所技术领域的无工作人员值守式银行等候室，包括电源、控制器、第一无线信号发送接收器、银行墙体线束、手机、中央处理器、命令翻译器、第二无线信号发送接收器、控制模块，手机放置在银行客户身上，电源、控制器、第一无线信号发送接收器均布置在银行等候室的墙体上，中央处理器、命令翻译器、第二无线信号发送接收器、控制模块均布置在手机内部。在本发明中，银行客户可以用自己的手机进行排队预约、货币收支、保险理财，以及控制部分银行开放性设备。本发明设计合理，结构简单，适用于银行办公场所的智能化设计。
160,心跳速度监测警示装置,CN105342595A,A61B5/0245; A61B5/11; A61B5/00; G08B21/02,一种属于智能化幼儿园技术领域的心跳速度监测警示装置，包括控制器、无线信号发送接收器、手机、中央处理器、命令翻译器、控制模块、腕式监测器、定位器、监测装置，控制器、第一无线信号发送接收器均布置在幼儿园室内活动区的墙体上，手机放置在幼儿园老师身上，腕式监测器戴在幼儿园孩子的手腕上，第二无线信号发送接收器、定位查询模块布置在手机内并通过内部线束相连接，定位器、第三无线信号发送接收器布置在腕式监测器。在本发明中，幼儿园老师可以利用自己的手机可以查询每个特定孩子的具体位置，并实时监测孩子的身体状况。本发明设计合理，结构简单，适用于幼儿园的智能化设计。
161,客户控制式银行业务介绍系统,CN105354910A,G07C11/00; G06Q10/02; G06Q40/02,一种属于智能化银行办公场所技术领域的客户控制式银行业务介绍系统，包括电源、控制器、第一无线信号发送接收器、银行墙体线束、手机、中央处理器、命令翻译器、第二无线信号发送接收器、控制模块，手机放置在银行客户身上，电源、控制器、第一无线信号发送接收器均布置在银行等候室的墙体上，中央处理器、命令翻译器、第二无线信号发送接收器、控制模块均布置在手机内部。在本发明中，银行客户可以用自己的手机进行排队预约、货币收支、保险理财，以及控制部分银行开放性设备。本发明设计合理，结构简单，适用于银行办公场所的智能化设计。
162,室内温湿度环境优化装置,CN105373172A,G05D27/02,一种属于图书馆技术领域的室内温湿度环境优化装置，包括图书室、书柜、藏书、移动电机、藏书信息装置、控制器、第一无线信号发送接收器、图书室线束、手机、中央处理器、命令翻译器、第二无线信号发送接收器、图书检索模块，手机放置在图书管理员身上，电源、藏书信息装置、控制器、第一无线信号发送接收器均布置在图书室的顶部墙体上，中央处理器、命令翻译器、第二无线信号发送接收器、控制模块布置在手机内。图书管理员通过自己的手机，就可以对图书信息进行检索，并对图书室内的相关设备进行控制。本发明设计合理，结构简单，适用于智能化图书馆管理系统。
163,室内外娱乐器材及时断电系统,CN105404260A,G05B19/418; G01D21/02,一种属于智能化幼儿园技术领域的室内外娱乐器材及时断电系统，包括控制器、无线信号发送接收器、手机、中央处理器、命令翻译器、控制模块、腕式监测器、定位器、监测装置，控制器、第一无线信号发送接收器均布置在幼儿园室内活动区的墙体上，手机放置在幼儿园老师身上，腕式监测器戴在幼儿园孩子的手腕上，第二无线信号发送接收器、定位查询模块布置在手机内并通过内部线束相连接，定位器、第三无线信号发送接收器布置在腕式监测器。在本发明中，幼儿园老师可以利用自己的手机可以查询每个特定孩子的具体位置，并实时监测孩子的身体状况。本发明设计合理，结构简单，适用于幼儿园的智能化设计。
164,保险理财功能在线实现装置,CN105426977A,G06Q10/02; G06Q40/02,一种属于智能化银行办公场所技术领域的保险理财功能在线实现装置，包括电源、控制器、第一无线信号发送接收器、银行墙体线束、手机、中央处理器、命令翻译器、第二无线信号发送接收器、控制模块，手机放置在银行客户身上，电源、控制器、第一无线信号发送接收器均布置在银行等候室的墙体上，中央处理器、命令翻译器、第二无线信号发送接收器、控制模块均布置在手机内部。在本发明中，银行客户可以用自己的手机进行排队预约、货币收支、保险理财。本发明设计合理，结构简单，适用于银行办公场所的智能化设计。
165,幼儿园小孩定位装置,CN105427531A,G08B21/02,一种属于智能化幼儿园技术领域的幼儿园小孩定位装置，包括控制器、无线信号发送接收器、手机、中央处理器、命令翻译器、控制模块、腕式监测器、定位器，控制器、第一无线信号发送接收器均布置在幼儿园室内活动区的墙体上，手机放置在幼儿园老师身上，腕式监测器戴在幼儿园孩子的手腕上，第二无线信号发送接收器、定位查询模块布置在手机内并通过内部线束相连接，定位器、第三无线信号发送接收器布置在腕式监测器。在本发明中，幼儿园老师可以利用自己的手机可以查询每个特定孩子的具体位置。本发明设计合理，结构简单，适用于幼儿园的智能化设计。
166,用于手机的图形用户界面,CN303542434S,G08B21/02,1.产品名称：用于手机的图形用户界面。2.产品用途：用于运行程序以及进行通讯。3.设计要点：在于手机显示的图形用户界面内容。4.界面用途：产品的图形用户界面为推荐功能的用户交互界面。主视图至界面变化状态图3为，等待过程，动效循环显示；界面变化状态图4至界面变化状态图6为，用户持续触发“指纹”按钮输入信息后显示的界面；界面变化状态图7至界面变化状态图10为，根据用户信息为用户推荐相关内容。界面变化状态图1至界面变化状态图10为动效的关键帧。5.最能体现本外观设计的设计要点的图片：主视图。
167,用于手机的图形用户界面,CN303551342S,G08B21/02,1.产品名称：用于手机的图形用户界面。2.产品用途：用于运行程序以及进行通讯。3.设计要点：在于手机显示的图形用户界面内容。4.界面用途：产品的图形用户界面为下载功能的用户交互界面。主视图中点击“下载”按钮，显示下载动效及下载进度，顺序显示界面变化状态图1至界面变化状态图13。界面变化状态图1至界面变化状态图13为动效的关键帧。5.最能体现本外观设计的设计要点的图片：主视图。
168,手机的图形用户界面,CN303551340S,G08B21/02,1．本外观设计产品的名称：手机的图形用户界面。2．本外观设计产品的用途：本外观设计产品用于运行程序及通讯。3．本外观设计产品的设计要点：主要在于显示的图形用户界面的界面内容。4．最能表明本外观设计设计要点的图片或照片：主视图。5．省略视图：后视图、左视图、右视图、俯视图及仰视图。6．界面用途：产品的图形用户界面为实现搜索功能的操作界面；在主视图界面中的文本框中输入想要搜索的内容并点击文本框右侧的搜索图标，能够启动搜索程序；界面下部区域为内容推荐区域，其实时推荐各版块热门内容以供使用者点击查看。
169,用于手机的图形用户界面,CN303551341S,G08B21/02,1.产品名称：用于手机的图形用户界面。2.产品用途：用于运行程序以及进行通讯。3.设计要点：在于手机显示的图形用户界面内容。4.界面用途：产品的图形用户界面为刷新功能的用户交互界面。主视图中的向下滑动界面，刷新显示内容，顺序显示界面变化状态图1至界面变化状态图20。界面变化状态图1至界面变化状态图20为动效的关键帧。5.最能体现本外观设计的设计要点的图片：主视图。
170,用于手机的图形用户界面,CN303551343S,G08B21/02,1.产品名称：用于手机的图形用户界面。2.产品用途：用于运行程序以及进行通讯。3.设计要点：在于手机显示的图形用户界面内容。4.界面用途：产品的图形用户界面为推荐功能的用户交互界面。主视图中点击“换一换”按钮，按钮四周旋转展开推荐图标控件，顺序显示界面变化状态图1至界面变化状态图4。界面变化状态图1至界面变化状态图4为动效的关键帧。5.最能体现本外观设计的设计要点的图片：主视图。
171,一种多功能手机保护壳及其制作方法,CN105282284A,H04M1/02,本发明公开了一种多功能手机保护壳及其制作方法，多功能手机保护壳包括上盖、主体壳、屏幕包胶和背壳，上盖通过销钉安装在主体壳的上方，主体壳的左侧上部设有音量按键，主体壳的左侧下部依次设有固定手机软垫和携带绳，主体壳的右侧从上到下依次设有开关键、扣锁和锁紧扣，背壳通过支架锁紧机构安装在主体壳的后侧，背壳的后方通过第二臂带固定扣和第一臂带固定扣固定有臂带扣，臂带扣的端部设有布带，上盖的底部从左到右依次设有防水耳机塞和防水透音膜。本发明通过特殊的结构设计和生产工艺设计，能实现多功能并存，结构设计简单合理，不仅有防水、防摔、防冻功能，更具有运动、便携、多样式兼容的特性。
172,一种停车场自动寻车方法及系统,CN105303870A,G08G1/123,本发明提供一种停车场自动寻车的方法，包括下述步骤：确认车位停靠信息；搜索预先标示的移动终端；将车位信息传输给所述移动终端；移动终端能调取车位信息。还有一种用于停车场自动寻车系统，包括车位系统和预置APP的移动终端。本发明采用一种简便，低成本的系统方案，避免大肆改造停车场等问题，降低成本，整个过程无需人工参与，操作简单，智能且能抗干扰，极大地方便了车主寻车。
173,一种便携智能痔疮治疗系统,CN105288864A,A61N5/06,本发明公开了一种便携智能痔疮治疗系统，主要是解决现有产品所存在的技术问题，从而提供一种便携智能痔疮治疗系统，用户可以自己通过手机端进行痔疮的查看和360度患处采集，并可以通过痔疮治疗肛塞提供预防、保健和预防操作，同时可以建立个人医疗保健数据库，可以对患者进行保健和治疗，也可以连接医生进行康复和治疗指导。
174,一种健康监测系统和健康监测方法,CN105286911A,A61B7/04; A61B5/0205; G06F19/00,本发明提供了一种健康监测系统和健康监测方法，涉及医疗健康护理技术领域。该健康监测系统包括数据采集模块和智能处理模块；所述数据采集模块与所述智能处理模块之间电连接。该健康监测方法利用数据采集模块采集人体的健康数据并传送给所述智能处理模块，由智能处理模块根据所述健康数据进行分析处理，得出人体的健康状况指数和人体的病灶特征。本发明的健康监测系统和方法，能够智能分析婴幼儿心肺系统和体温的健康指数，实现患病初期、治疗期与恢复期的健康监测，为家长和医生提供就诊参考。
175,一种提高供电时间的方法,CN105337374A,H02J7/00,本发明涉及电力电子领域，尤其涉及一种提高供电时间的方法。一种提高供电时间的方法，应用于电子设备的供电过程中，所述方法包括：当所述电子设备电池的电量低于第一设定值的时候，与所述电子设备电池连接的一升压电路开始工作；所述升压电路将低于第一设定值的电压提高到第二设定值后，稳定输出。本发明当电池低电压报警后，并在关机前启动升压电路，继续给电子设备以升压方式供电，不受电池检测的误差，放电电流的大小，温度的误差和低电压不能正常给手机供电使用，通过升压，来延长手机的供电时间、续航能力，充分利用电池的容量，直至将电池耗尽，有效地避免了电池电量资源的浪费。
176,车辆记录仪和公安综合监管系统,CN105336207A,G08G1/123; G07C5/08,本发明提供一种车辆记录仪和公安综合监管系统，车辆记录仪，综合监管系统，监管系统，可进行省、市、县联网，处理车辆记录仪拍摄的视频，并实时记录每个车辆记录仪的交通轨迹；交通事故处理系统，实时根据车辆记录仪的拍摄视频实现交通责任认定；微机站网络系统，用于实时传输视频数据和车辆交通记录仪定位数据，利用车辆记录仪，并可直接通过架设在交警、公安的服务器上的综合监管系统实现远程事故责任认定，案发现场还原，全覆盖监控或道路实时流量监控等功能，能够极大的降低交警、公安等部门的出勤次数，降低事故处理所需的等待时间以及追踪网的构成。
177,具有心电测试功能的手机,CN105430137A,H04M1/21; H04M1/725; A61B5/0402; A61B5/0408,本发明提供一种具有心电测试功能的手机，该手机包括显示屏、心电检测模块和处理器。该具有心电测试功能的手机上分布有测试电极触点。该心电检测模块用于检测用户触碰测试电极触点产生的心电电压。该处理器用于根据心电检测模块检测的心电电压进行分析获得用户的心电数据，及控制显示屏显示该用户的心电数据。本发明提供的具有心电测试功能的手机，以增加心电数据测试功能，和分析、记录及显示心电数据，从而提高用户体验。
178,一种采用位置定位技术评估耳鸣治疗效果的装置及方法,CN105411535A,A61B5/00,本发明属于医疗技术领域，具体的说是一种采用位置定位技术评估耳鸣治疗效果的装置及方法，数据采集单元与数字信号处理器单元信号相连，数据信号处理器与数据评估单元信号相连，数据评估单元与显示单元信号相连，数字信号处理器还分别与数据存储单元和数据传输单元双向信号连通，电源管理单元向其余各个单元供电。本发明具体表现在耳鸣患者一周去休闲活动几次、一周去购物几次等活动范围大小，如果耳鸣患者在治疗前后活动范围有差别，说明耳鸣治疗有效果，差别越大效果越好，因为耳鸣常常使患者产生焦虑等情绪障碍而产生耳鸣患者活动范围很小，所以通过采集耳鸣患者活动范围的位置信息就可以评估耳鸣患者治疗效果，从而达到科学、客观、有效评估、记录耳鸣治疗效果。
179,一种并发式储物控制柜,CN105405215A,G07F17/12,本发明涉及一种并发式储物控制柜，包括柜体、触摸屏、称重传感器、4G无线路由、控制器、服务器及移动终端，柜体还包括活动式储物箱、电动推杆、电控锁和滑动导轨，柜体内部后侧布置从上至下堆叠的至少两排活动式储物箱，柜体内部前侧布置从上至下间隔堆叠的至少两排活动式储物箱，称重传感器、电动推杆和电控锁与控制器通过RVV2*1.0线缆连接，触摸屏与控制器通过排线连接，4G无线路由与控制器通过网线连接，服务器与4G无线路由通过4G网络连接，移动终端通过无线网络或有线网络与4G无线路由和服务器连接。本发明基于现场触摸屏或微信，在柜体的任意非占用柜门处存、取物品，可实现多人同时任意操作，减少排队，提高运行效率。
180,智能定位防丢包,CN105411147A,A45C13/18; A45C15/00; G08B21/24,本发明公开了一种智能定位防丢包，包括一包，其特征在于：还包括控制盒和充电组件；所述充电组件与所述控制盒电连接；所述控制盒置于所述包内；所述控制盒包括电源管理单元、控制处理单元以及射频天线单元；所述电源管理单元、所述射频天线单元与所述控制处理单元相接；所述充电组件与所述电源管理单元电接；所述控制处理单元接有GSM单元、WIFI单元、GPS单元以及蓝牙单元。本发明可以实现实时定位、轨迹追踪、近距防丢、太阳能充电、USB供电等多项功能，可防止重要物品或文件资料的丢失，也可提供其所处的实时位置，安全快速的帮用户找到遗失的物件。
181,一种手机认证方法及系统,CN105429762A,H04L9/32; H04W12/06; H04W24/06,本发明公开了手机认证系统及方法，首先，在手机测试环境中构建一认证服务器，将手机的SIM卡信息添加到该认证服务器，使该认证服务器能执行EAP-SIM认证；之后手机端与一认证设备之间进行信息交互以获取包含手机端用户身份信息的EAP响应报文；该认证设备将该EAP响应报文转发给该认证服务器，该认证服务器与该手机间进行认证交互直至发送认证接收报文给该认证设备；以及该认证设备从该认证接收报文中解析出EAP认证成功的信息并将其发送给该手机端。
182,电磁流量计传感器的磁场异常检测装置,CN105424108A,G01F1/58; G01F15/00,本发明公开了一种电磁流量计传感器的磁场异常检测装置，涉及测量连续通过仪表的流体或流动固体材料的流量或质量的装置技术领域。所述装置包括磁场检测模块、干扰识别模块、报警输出模块和报警记录模块，所述磁场检测模块嵌入在所述电磁流量计传感器中，所述磁场检测模块的信号输出端与所述干扰识别模块的信号输入端连接，所述报警输出模块与所述干扰识别模块的信号输出端连接，所述报警输出模块的记录信号输出端与报警记录模块的信号输入端连接。所述装置可以检测到所述传感器是否发生过电磁干扰，当发生电磁干扰时发出报警信号并记录该电磁干扰事件，使相关工作人员可以及时发现不法人员对流量计的干扰。
183,一种头戴式显示器的自动调节方法、系统和装置,CN105425397A,G02B27/01,本申请是公开一种头戴式显示器的自动调节方法、系统和装置。可解决原有手动调节麻烦、不准确的问题。本发明提出一种方法，使用户能够在一个界面输入自己的参数，系统根据用户的具体参数驱动头戴式显示器，调节眼睛、透镜、屏幕的相对位置。并公开一种装置，利用上述方法，通过设置电机和舵机以螺杆螺母或齿轮齿条等传动方式以及电位器等反馈装置来实现自动调节各项参数。主要应用于高端头戴式显示器。
184,一种智能充电宝,CN105406561A,H02J7/00,一种智能充电宝，涉及一种手机充电装置，包括主体，所述的主体内设置有锂聚合物电池，所述的主体正面设置有放置板，所述的放置板上设置有夹持器，所述的夹持器上设置有两个可调夹持条，所述的主体背面转动设置有转动板，所述的转动板上设置有若干个收纳槽，所述的转动板上还转动设置有与所述收纳槽相配合的调节杆，所述的调节杆包括相互配合的甲调节杆和乙调节杆，所述的主体上还设置有输出端，还具有放绳盒和固定卡槽。与现有技术相比，本发明的有益效果是：能让电子产品固定在充电宝上，减少电子产品与充电宝之间线缆的长度，防止手机的移动影响到充电的效果，同时还能在给电子产品充电的同时对电子产品起到支撑作用，解放使用者的双手。
185,通信终端、可见光通信用户外接装置及其通信方法,CN105406916A,H04B10/116; H04B10/27; H04B10/50; H04B10/516; H04B10/2575,本发明公开了一种通信终端、可见光通信用户外接装置及其通信方法。可见光通信用户外接装置包括光接收模块、解调模块、接口模块、调制模块和光发送模块；光接收模块和解调模块用于接收环境中的可见光信号并将其转化成用户终端可用的数字信号；接口模块用于实现解调模块、调制模块与用户终端之间的数字信号传输；调制模块和光发送模块用于将来自用户终端的数字信号转化成可见光信号向外界发送。通信终端是采用上述可见光通信用户外接装置的通信终端；通信方法是利用上述可见光通信用户外接装置进行可见光双向通信的方法。本发明可见光通信用户外接装置与用户终端连接，辅助用户终端通过可见光信号实现双向语音通信和上网功能。
186,一种便携式充电宝,CN105406560A,H02J7/00,一种便携式充电宝，涉及一种手机充电装置，包括主体，所述的主体内设置有锂聚合物电池，所述的主体正面设置有放置板，所述的放置板上设置有夹持器，所述的夹持器上设置有两个可调夹持条，所述的主体背面转动设置有转动板，所述的转动板上设置有若干个收纳槽，所述的转动板上还转动设置有与所述收纳槽相配合的调节杆，所述的调节杆包括相互配合的甲调节杆和乙调节杆，所述的主体上还设置有输出端，主体上还设置有夹子。与现有技术相比，本发明的有益效果是：能让电子产品固定在充电宝上，减少电子产品与充电宝之间线缆的长度，防止手机的移动影响到充电的效果，同时还能在给电子产品充电的同时对电子产品起到支撑作用，解放使用者的双手。
187,一种基于手机的视频监控系统,CN105430354A,H04N7/18,一种基于手机的视频监控系统，包括监控手机、远程用户端和云存储服务器，所述监控手机为具有视频采集功能的手机，所述监控手机采用WIF网络通过路由器接入互联网，或采用移动网络通过移动通讯基站接入互联网，所述监控手机通过互联网与云存储服务器相连用于把监控数据存入云存储服务器，所述远程用户端与互联网相连用于实时浏览监控手机的监控画面或读取云端存储服务器的监控数据，所述远程用户端为电脑或用户手机。本发明利用可靠性高的互联网传输和存储视频图像，为用户提供更方便的远程监控、远程管理等功能，同时监控手机可利用闲置或旧手机改造，成本低，使用方便，广泛应用于家庭、商店等。
188,一种新型农业监控系统,CN105425758A,G05B19/418; G06Q50/02,一种新型农业监控系统，属于物联网技术领域。系统包括温度检测模块、湿度检测模块和照度检测模块；温度检测模块、湿度检测模块和照度检测模块分别与Zigbee子节点Ni有线连接，Zigbee子节点Ni与Zigbee主节点N无线通信，Zigbee主节点N与WiFi主节点L通过RS232有线连接通信，植物生长检测摄像头与WiFi子节点Li有线数据连接，WiFi子节点Li与WiFi主节点L无线通信；土壤水份检测模块和二氧化碳模块与蓝牙子节点Mi有线数据连接。
189,便携式充电宝,CN105429244A,H02J7/00,便携式充电宝，涉及一种手机充电装置，包括主体，所述的主体内设置有锂聚合物电池，所述的主体正面设置有放置板，所述的放置板上设置有夹持器，所述的夹持器上设置有两个可调夹持条，所述的主体背面转动设置有转动板，所述的转动板上设置有若干个收纳槽，所述的转动板上还转动设置有与所述收纳槽相配合的调节杆，所述的调节杆包括相互配合的甲调节杆和乙调节杆，所述的主体上还设置有输出端，主体上还设置有挂绳。与现有技术相比，本发明的有益效果是：能让电子产品固定在充电宝上，减少电子产品与充电宝之间线缆的长度，防止手机的移动影响到充电的效果，同时还能在给电子产品充电的同时对电子产品起到支撑作用，解放使用者的双手。
190,一种风力检测系统、方法和风速计,CN105424973A,G01P5/02; H04M1/725,本发明公开了一种风力检测系统、方法和风速计，包含移动智能终端、风速计；风速计设置有耳机插头，风速计的耳机插头插入移动智能终端的耳机插孔，使风速计与移动智能终端固定；风速计采集风力数据，并将风力数据传输到移动智能终端，移动智能终端分析风力数据并显示。本发明将智能手机为代表的移动智能终端作为风力检测仪器的一部分，将智能手机结合小配件，可以替代相关专业检测设备来完成检测工作，小巧、便携。
191,一种远程学习系统,CN105427693A,G09B5/14,本发明供了一种远程学习系统，包括学习终端、服务器、课程数据库、录播系统、在线直播系统，所述学习终端为多个，所述学习终端依次通过互联网和服务器连接课程数据库，所述课程数据库分别连接录播系统和在线直播系统，所述在线直播系统依次通过音频录制设备和音频处理设备连接音频采集设备，所述在线直播系统连接摄像头。本发明所述的一种远程学习系统，可以选择学习提前录制好的授课视频，也可以选择直播中的课堂随时进入，在直播听课过程中可以向教师反映学习中产生的疑问，得到及时的反馈，增强学习的趣味性。
192,一种车辆交通信息检测装置及方法,CN105427611A,G08G1/01; G08G1/042,本发明公开了一种车辆交通信息检测装置及方法，装置包括一个或多个检测器、数据采集管理控制器和应用终端，应用终端与采集管理控制器通过无线网络连接、用于对检测器和采集管理控制器进行智能化管理，应用终端安装有用于管理所述交通信息检测装置的后台管理软件，检测器包括外壳以及设置在外壳内部的检测单元和第一无线供电单元，第一无线供电单元包括振动检测模块和第一电源供电模块，检测单元包括第一MCU，振动检测模块检测到有频率的振动时，激活第一电源供电模块给检测单元供电，同时唤醒第一MCU的休眠状态。实施本发明的车辆交通信息检测装置及方法，具有以下有益效果：能做到低功耗、能实现节点信息自动上报、能实现云端远程管理。
193,一种带有数据管理系统功能模块的按摩理疗仪,CN105411835A,A61H39/02; A61N1/36; A61N5/06,本发明提供一种带有数据管理系统功能模块的按摩理疗仪，其特征在于：包括按摩装置、针灸、红外理疗装置等；所述按摩装置包括穴位检测定位和穴位按摩单元，穴位检测单元包括穴位电阻检测电路和A/D数字转换电路，所述穴位针灸单元和穴位按摩单元分别包括D/A脉冲电流产生电路和放大电路。本发明设置有穴位阻值分析比较模块，采用两种方式将探测到的穴位阻值进行分析比较、做出健康趋势判断；穴位阻值检测异常提示模块，可避免穴位误测，避开疾病禁忌理疗的穴位，可通过同步终端操控、监视装置，提高使用安全性。通过自体数据变量分析，做出健康趋势判断及保健治疗建议，可不依赖但可共享外部平台数据，是易于走入家庭的人性化、小型健康管理装置。
194,一种视力监控管理系统,CN105425647A,G05B19/04,本发明提供了一种视力监控管理系统，包括眼科检查设备、主控机、专家诊断终端、服务器和用户访问终端；所述主控机通过第一以太网模块与所述服务器信号连接；所述眼科检查设备与所述主控机信号连接，接收主控机的反馈信号并向主控机输入眼科检查结果；所述专家诊断终端通过第一以太网模块与所述主控机信号连接，接收主控机的反馈信号，并向主控机输入操作信号及诊断信息；所述用户访问终端与所述服务器信号连接、用户访问终端访问服务器内用户视力检测信息。本发明所述的视力监控管理系统，实现了用户视力档案的建立，通过视力检测数据和专家诊断信息的实时联网上传，方便了用户及时地访问了解及自身数据的存储。
195,一种基于浏览器的微信公众号数据采集方法及装置,CN105429865A,H04L12/58; H04L29/08,<b>本发明涉及信息采集领域，具体涉及一种基于浏览器的微信公众号数据采集方法及装置。该方法和装置通过浏览器代理设置实现同时开启多个微信账号，在浏览器与互联网数据交互时将浏览器与互联网交互的微信公众号交互数据包进行监控并下载；一台服务器可以开多个浏览器窗口，相当于开多个采集入口，而浏览器窗口占用的资源小；采集针对性较强，由微信账号关注重点微信公众号，采集的信息没有其他杂乱信息；访问不受限制，浏览器登陆微信后，公众号会自动推送信息；不影响微信账号的正常使用，微信在网页版登陆后，用于采集信息，手机端可正常使用。</b>
196,一种药品定时提醒的系统,CN105389478A,G06F19/00,本发明提供一种药品定时提醒的系统，所述系统包括：药品销售模块、会员信息模块、处理模块、通信模块、提示模块和控制模块。药品销售模块获取和标记药品的服用相关信息及其他信息，会员信息模块用于获取会员身份信息，所述控制模块将所述会员信息通过所述通信模块传输至服务器，所述服务器预先存储与所述会员信息相对应的药品销售模块信息，所述服务器将与所述身份信息相对应的信息反馈至所述处理模块对所述用药信息进行处理，生成提示信息，所述控制模块根据所述提示信息控制提示模块提前播报其对应的用药量，通过药品定时提醒系统可以提醒服药者服药时间和帮助服药者管理自己的服药行为。
197,设备联网方法及装置,CN105407518A,H04W48/16,本公开关于一种设备联网方法及装置，属于计算机技术领域。所述方法用于不包含输入组件的智能设备中，所述智能设备通过数据线与输入设备相连，所述输入设备包含输入组件，包括：进入联网配置模式，所述联网配置模式是指示所述智能设备接入互联网的模式；通过所述数据线向所述输入设备发送信息请求，所述信息请求用于请求所述互联网的接入信息；通过所述数据线接收所述输入设备发送的所述接入信息；根据所述接入信息接入所述互联网。本公开可解决通过手机广播接入信息时，广播的稳定性和可靠性差的问题，可达到提高设备联网的稳定性和可靠性的效果。
198,折叠手机座,CN205105285U,H04M1/12,折叠手机座，包括底座与支架，所述底座顶端设有开口，所述开口处配合设有平台，所述平台具有一定厚度，所述支架设置在平台上并与平台铰接配合，所述支架为一种n型支架，所述平台上设有支架收纳槽，所述支架收纳槽设置在支架的正前方且大小与支架配合，所述支架与支架收纳槽之间设有防滑件。本实用新型便于人们在观看视频时放置手机，方便折叠且易于手机散热。
199,新型手机座,CN205105284U,H04M1/12,新型手机座，包括底座与支架，所述底座为一种中空结构，所述底座顶端开口处配合设有平台，所述平台具有一定厚度，所述支架设置在平台上并与平台铰接配合，所述支架为一种n型支架，所述平台上设有支架收纳槽，所述支架收纳槽设置在支架的正前方且大小与支架配合，所述平台上设有与支架收纳槽垂直交叉的定位槽，所述定位槽底面上设有耳机入口，所述耳机入口与底座内部连通，所述底座底部边缘设有耳机出口，所述平台上还设有笔孔。本实用新型便于人们在观看视频时放置手机，可折叠且易于手机散热。
200,一种手机座,CN205105286U,H04M1/12,一种手机座，包括底座与支架，所述底座顶端设有开口，所述开口处配合设有平台，所述支架设置在平台上表面，所述支架为一种n型支架，所述平台上设有凹槽，所述凹槽与支架配合设置。本实用新型便于人们在观看视频时放置手机，结构简单且易于手机散热。
201,汽车刹车提醒系统、方法、及报警系统,CN105416171A,B60Q9/00; G01P1/08,本发明提供一种汽车刹车提醒系统、方法、及报警系统，根据实时对汽车的速度进行检测，并根据相邻的检测结果判断汽车是否在刹车，且当相邻的汽车速度大于一阈值时，判断汽车正在刹车，并通过电子设备进行相应的提示。
202,一种具有Wifi传输功能的音箱,CN105430555A,H04R1/20,本发明涉及音频播放设备领域，具体涉及一种具有Wifi传输功能的音箱，它包括微控制器，所述微控制器连接有显示控制模块、音频编解码模块与无线网络收发模块，所述音频编解码模块连接有音频功放模块，所述音频功放模块连接有音响，所述显示控制模块连接有供电模块，所述无线网络收发模块连接有高增益天线，实现将智能手机、电脑、平板等设备上的本地音乐或在线音乐，通过Wi-Fi网络无线实时的传输到音箱进行播放的功能，与目前的蓝牙音箱方案相比，Wi-Fi音箱拥有更好的播放品质以及更广的使用范围，整个音箱设计原理简单，结构紧凑，巧妙的利用了Wi-Fi来传输音频信号，能很好的适用于各种移动设备，值得推广。
203,一种wifi烟雾报警灯,CN105427510A,G08B17/10; F21V33/00; F21Y115/10,本发明公开了一种wifi烟雾报警灯，包括LED灯源、烟雾传感器、wifi模块、主控模块、电源模块；烟雾传感器用于检测区域内的烟雾浓度；wifi模块用于接入网络，与远处监控端通讯连接，接收远处监控端的控制命令以及将烟雾报警信息发送至远处监控端；主控模块与LED灯源、wifi模块、烟雾传感器连接；电源模块与主控模块连接，用于为主控模块提供电源。当烟雾传感器检测到区域内的烟雾浓度超过报警值时，即通过wifi模块把报警信息发送至远处监控端，通知人员赶往该区域巡查是否出现火情。此外，人员还能通过远处监控端控制灯具的LED灯源，以调节出任何气氛以及动态的灯光效果。
204,一种基于云计算的快递方法,CN105427076A,G06Q10/08; G06Q50/28,本发明提供一种基于云计算的快递方法，涉及云计算和快递领域，本发明包括：(1)用户通过云平台发布信息；(2)数据中心保存信息并进行匹配；(3)乘车人位置信息共享；(4)物品交付及支付。本发明通过云平台，实现小件物品和资料在不同城市间通过乘车人进行捎带，从而实现物品的当天到达且降低乘车人的交通费用。
205,基于编号脚环和二维码标签的农家土鸡防伪溯源系统,CN105427115A,G06Q30/00; G06Q50/02; G06K19/06,本发明公开了一种农家土鸡防伪方法及其溯源防伪系统，它包括编号脚环、信息管理模块、二维码标签、二维码终端设备。编号脚环采用封闭式小鸡脚环，其编号由养殖时间信息代码和序号组成。产品溯源防伪信息存储在信息管理模块数据库中，在合格产品进入统一销售网络时，信息管理模块为其配置二维码标签。消费者可从脚环编号查看养殖时间，通过养殖周期长短初步判断是否农家真品，也可用智能手机摄像头扫描标二维码从溯源数据库查询相关信息进一步核实真伪，这样能有效防止不合格产品充斥市场，从根本上杜绝伪造，达到溯源防伪的目的。
206,便携式手机充电手环,CN205105126U,H02N11/00; H02J7/00,本实用新型涉及电子领域，具体涉及充电手环。便携式手机充电手环，包括一手环主体，手环主体设有一中空腔，中空腔内安有一温差发电装置、一纸电池；温差发电装置连接纸电池，纸电池连接一滤波电路的输入端，滤波电路输出端连接一稳压芯片的输入端，稳压芯片的输出端连接一用于连接充电线的充电线接口；中空腔设有一开口，充电线接口从开口伸出。本实用新型通过将纸电池输出的电压滤波和稳定，提供标准的5V电压输出，与手机的锂电池输入电压相匹配，避免抖动纹波电压和浪涌电压对充电电路和电池的破坏。同时只需携带手环，就可以实现随时随地充电的目的，同时不用担心纸电池电量耗尽的问题，实现长久有电可充。
207,防止电视节目干扰通话的方法及系统,CN105430493A,H04N21/439; H04N21/436; H04M1/725,防止电视节目干扰通话的方法及系统。本发明涉及通话防干扰技术，目的是为了解决现有的智能机顶盒无法根据室内用户通话情况智能调整电视节目播放的问题。本发明公开了一种能够在手机收到来电时自动静音的机顶盒，使得机顶盒能够监听手机来电和通话结束，并通过控制电视静音向用户发出提示，同时提供一个安静的通话环境，当通话结束后自动退出静音模式。在实现上分为手机端的应用程序及机顶盒端的接收处理模块。手机与机顶盒通过蓝牙、WIFI等无线方式连接，在手机端的应用程序监听到手机来电后和通话结束后向机顶盒模块发出信息，机顶盒通过控制电视音频输出提醒用户有手机来电，并提供安静的通话环境，通话结束后自动退出静音模式。本发明适用于通话防干扰。
208,一种基于手机的电瓶车电量提醒系统及提醒方法,CN105425163A,G01R31/36,本发明提供一种基于手机的电瓶车电量提醒系统及提醒方法，包括电量监测模块、设置模块、信息推送模块、微处理器和手机；所述电量监测模块用于实时监测电瓶车电量；所述设置模块用于设置预设阈值、预设时间，以及接收提醒信息的手机号码；所述微处理器用于在电瓶车电量低于所述预设阈值或在电瓶车电量充满后达到所述预设时间时，控制所述信息推送模块向所述手机发出提醒信息；所述信息推送模块用于在所述微处理器的控制下，向所述手机发出提醒信息。本发明的基于手机的电瓶车电量提醒系统及提醒方法当电瓶车电量不足时，能够通过手机及时进行提醒；当电瓶车充电完成后，能够通过手机提醒用户，防止过充，以延长电瓶使用寿命；成本低，适用性强。
209,一种信息机房可视化监控方法,CN105278436A,G05B19/048; H04N7/18,本发明提出一种信息机房可视化监控方法，所述方法通过信息机房可视化监控装置实时采集信息机房内的动态图像数据、温度数据、湿度数据，将动态图像数据、温度数据、湿度数据存储在监控主机中，通过监控主机对动态图像数据、温度数据、湿度数据的实时数据进行监控，监控主机发现异常情况时将通过报警装置进行报警，并将报警信息通过无线网络发送至智能手机。本发明实现对信息机房的全面监控，保障机房安全稳定运行，实现了及时可靠的告警功能，能第一时间发现机房异常并进行告警，以便第一时间排查隐患，具有成本低、运行稳定的特点。
210,一种汽车报警装置,CN105292054A,B60R25/104; B60R25/102; B60R25/31; B60R25/30,本发明涉及安防领域，具体公开了一种汽车报警装置，包括控制盒和与控制盒连接的多个检测器；所述检测器包括透明的外壳和设置在外壳内的摄像头、话筒、声音传感器、闪光灯和超声波传感器；所述控制盒内设有微控制器和GSM模块；所述微控制器分别电连接话筒、声音传感器、GSM模块、摄像头、超声波传感器和闪光灯；所述控制盒与所述检测器之间连通有波纹管，连接控制盒与检测器之间的导线都放置在波纹管中。本发明避免了噪声污染而且可及时发送盗窃者的信息到指定手机。
211,用于摩托车的报警器,CN105292311A,B62H5/20; B60R25/102; B60R25/31,"本发明涉及安防领域，具体公开了一种用于摩托车的报警器,包括柔性的连接带、设置在连接带两端的锁扣和设置在连接带表面的光伏片；所述连接带内设置有蓄电池、压力传感器、微控制器、GSM模块、摄像头、超声波传感器和蜂鸣器；微控制器电连接压力传感器、GSM模块、摄像头、超声波传感器和蜂鸣器；蓄电池与光伏片电连接并为整个报警器提供能量；所述连接带上开有多个透明窗户，所述摄像头和超声波传感器正对窗户朝外设置。本发明减小了噪声污染，及时将盗窃者的信息发送给指定手机，方便后期追回。"
212,基于物联网、云计算和大数据的现代农业害虫自动监测预警系统,CN105334834A,G05B19/418; G06Q50/02; A01M1/04,本发明公开了一种基于物联网、云计算和大数据的现代农业害虫自动监测预警系统，包括云服务器、智能手机和多个诱虫灯；诱虫灯包括防雨盖、LED灯体、接虫装置、双层加密高压电网；防雨盖设置于LED灯体的上方，接虫装置设置于LED灯体的下方，双层加密高压电网设置于LED灯体外围；诱虫灯还包括害虫计数单元、风扇、接虫袋；害虫计数单元包括无线通信模块、GPS定位模块、控制器、恒压源、模数转换单元、N+1个金属丝、N个相同阻值的串联电阻、分压电阻；NR4；N个相同阻值的串联电阻以及分压电阻串联后的两端连接恒压源的两个输出端。本发明通过智能手机就可以精准了解各个农田害虫的情况。
213,智能开关控制装置及方法,CN105337418A,H02J13/00,本发明公开了一种智能开关控制装置及方法，包括移动终端和柱上开关控制器，所述移动终端和柱上开关经无线通讯网络连接；所述柱上开关控制器包括壳体，所述壳体内设置有电源电路、采样电路、微控制器、信号调理单元、控制输出单元和无线通信单元，所述电源电路与微控制器连接，所述采样电路的输出端与所述信号调理单元的输入端连接，所述信号调理单元的输出端与所述微控制器连接，所述控制输出单元与所述微控制器连接，所述无线通信单元与所述微控制器通过通信端口连接；所述控制输出单元通过继电器电路的动作控制柱上开关。本发明的移动终端采用PDA或智能手机，设备小巧易于携带，但是功能强大，可以根据需要编写相应的操作和参数设置界面，人机界面友好。
214,基于云架构、模块化的机房动力环境监控系统,CN105334832A,G05B19/418,本发明公开了一种基于云架构、模块化的机房动力环境监控系统，涉及环境监控领域，该系统采用先进的B\S架构的动力环境集中监控管理平台、嵌入式网络型前端智能监控管理主机并辅以相关的环境采集模块，通过TCP/IP协议方式进行数据传输，实现对该项目所有机房动力与环境系统进行24小时全方位的统一集中监控管理。提供美观友好的监控画面。发现异常系统自动及时弹出报警窗口、并附有多媒体语音广播报警和本地声光进行本地报警，同时通过手机短信、E-mail方式远程通知机房运维人员，以让运维人员及时采取相应措施确保各机房设备的可靠运行。
215,一种报警器,CN105346509A,B60R25/30; B60R25/102; B60R25/104,本发明涉及安防领域，具体公开了一种报警器，包括透明的壳体和设置在壳体内的微控制器以及与微控制器连接的摄像头、电机、蜂鸣器、压力传感器和GSM模块；所述电机连接摄像头并可带动摄像头转动；所述压力传感器紧贴在壳体上；所述摄像头将所拍摄的图像传递到微控制器中，微控制器将所接收的图像进行保存并通过GSM模块发送到指定手机中。本发明可及时将盗窃的图像证据发送到指定手机中，并且不会造成噪声污染。
216,基于无线非接触式柱上开关的地面智能控制终端及方法,CN105391172A,H02J13/00,本发明公开了一种基于无线非接触式柱上开关的地面智能控制终端及方法，包括移动终端，所述移动终端上设置有控制器、存储模块、显示屏、无线传输模块、串行接口和接口模块，所述显示屏、存储模块、接口模块分别与所述控制器连接，所述接口模块通过串行接口与所述无线传输模块连接，所述移动终端经无线通信模块与柱上开关智能控制器进行数据通信。本发明的移动终端采用PDA或智能手机，设备小巧易于携带，但是功能强大，可以根据需要编写相应的操作和参数设置界面，人机界面友好。
217,基于物联网、云计算和大数据的现代农业害虫自动监测预警系统,CN105425703A,G05B19/048,本发明公开了一种基于物联网、云计算和大数据的现代农业害虫自动监测预警系统，包括云服务器、智能手机和多个诱虫灯；诱虫灯包括防雨盖、LED灯体、接虫装置、双层加密高压电网；防雨盖设置于LED灯体的上方，接虫装置设置于LED灯体的下方，双层加密高压电网设置于LED灯体外围；诱虫灯还包括害虫计数单元、风扇、接虫袋；害虫计数单元包括无线通信模块、GPS定位模块、控制器、恒流源、模数转换单元、N+1个金属丝、N个相同阻值的电阻；NR4；N个相同阻值的电阻串联后的两端连接恒流源的两个输出端。本发明通过智能手机就可以精准了解各个农田害虫的情况。
218,一种带定时功能的USB台灯,CN105423174A,F21S6/00; F21V33/00; F21V21/30; F21V21/32; F21V23/04; F21Y115/10,本发明涉及一种带定时功能的USB台灯，由<b>如图</b><b>1</b>所示：一种USB台灯，其包括灯管、支撑管、底座和USB接口；灯管其最好采用LED灯泡(LED＝Light？Emitting？Diode，即发光二极管)；支撑管3为一塑料或者金属的可扭曲的波纹管，灯管通过支撑管安装在底座上；当接通电源线时，USB接口通过依次穿过底座、电缆开始工作，实现给手机设备充电，同时底座上内置的定时器可以进行定时开关操作。
219,一种召梯情况的语音播报系统,CN105253725A,B66B1/14; B66B1/34; B66B3/00,本发明公开了一种召梯情况的语音播报系统，包括按下外召按钮；厅外摄像头提取等梯人数；轿厢底部的称重装置计算出电梯乘客人数；判断电梯是否满载；厅外语音播报装置提示；电梯信息通过中央处理器发送给用户等步骤。本发明通过语音播报装置、电梯的高峰运行功能、群控管理功能、满载直驶功能、轿内载荷计算功能等，针对该层乘客的选择，计算出乘客的等梯的预计时间，可以选乘哪部电梯等，结合以上信息给出方案指引乘客如何快速乘梯和选择乘坐。同时，为了准确得到候梯人数，每层配置的摄像头可智能提取等梯人数，方便控制系统计算数据及更准确的给出乘客等梯建议。
220,一种基于移动终端监控电池包的系统,CN105337367A,H02J7/00,本发明涉及一种基于移动终端监控电池包的系统，包括电池包、与电池包信号连接用于采集电池包状态信息的若干个检测单元、与检测单元信号连接用于将所接收的电池包状态信息处理后发送给移动终端及接收移动终端控制信号并根据移动终端的控制信号控制电池包工作的主控单元、与主控单元信号连接的第一nRF905单元、将nRF905信号与蓝牙信号进行相互转换的信号转换器、与信号转换器蓝牙通信且包括人机交互单元的移动终端。通过nRF905无线传输方式及蓝牙方式将电池包相关信息传输至移动终端和将移动终端用户的控制命令传输至主控单元以控制电池包工作，实现电池包相关信息的远距离无线获取及电池包的远距离无线控制，给用户带来极大的方便。
221,一种手机支架,CN105338142A,H04M1/12; H04M1/13,本发明公开了一种手机支架，包括支撑板，所述支撑板的两侧底端位置可转动连接有支撑脚，所述支撑板的顶端可转动连接有一旋转杆，所述旋转杆的顶端可转动连接有手机夹具。本发明结构简单，可以任意旋转角度，便于观看。
222,一种床上桌,CN105342153A,A47B23/00; A47B23/06; A47B3/06; A47B13/08,本发明公开了一种床上桌，包括桌板和可拆卸连接的四个桌腿，所述桌板的左右其中一侧或两侧可转动连接有支撑杆，所述支撑杆上可拆卸连接有手机夹具。所述桌板设有储物空间。所述桌板的顶面设有前端可转动的支撑板。所述桌板的侧面设有四个与桌腿大小对应的孔槽，所述孔槽设置于支撑杆可遮挡的位置。所述桌板的底面设有凹槽。所述桌板上对应于支撑板的前端位置设有细槽。所述支撑杆包括有竖向杆，所述竖向杆设有可伸缩结构。所述竖向杆上连接有横向杆，所述横向杆设有可伸缩结构。所述支撑板的后端顶面设有凸起的握把。所述桌腿设有可伸缩结构。本发明功能多，能随意调整角度。
223,输电线路远程监控方法,CN105357486A,H04N7/18; H04N5/225; H04L29/08; H04B3/54,"本发明涉及一种输电线路远程监控方法,包括如下步骤：将摄像机获取的输电线路的视频信号输入视频采集终端；所述视频采集终端将视频信号转换为音视频数据流后压缩，并将压缩后的音视频数据流上传给监控中心；监控中心对接收到的音视频数据流进行解压缩并进行实时监控；所述视频本发明实现了在移动终端上进行远程在线监控，提高了监测效率。本发明的采集终端接收到监控中心发出的控制信号，通过云台镜头控制器控制摄像机。"
224,节能散热器浴缸的使用方法,CN105387513A,F24D13/04; F24D19/10; F24H1/18; F24H9/18; F24H9/20; F24H9/00,节能散热器浴缸的使用方法，节能散热器浴缸，包括有散热浴缸以及控制器，散热浴缸包括有双层浴缸、浴缸垫、供热电磁阀、电动放水阀以及供水电磁阀；控制器设有供水按钮、排水按钮、供热按钮、温度传感器、液位传感器、感应开关、蓝牙装置、温控器以及智能控制开关，双层浴缸设有密封型腔；作为散热器使用时，将供暖系统的热水通入密封型腔内，利用双层浴缸的内缸将热量散发于室内空间；作为洗浴或者泡浴使用时，将自来水放入双层浴缸，利用供暖系统的热水通过内缸将自来水加热；利用供水按钮、排水按钮、供热按钮实施手动控制；利用手机以及互联网实施对节能散热器浴缸的远程智能控制，在外面提前控制节能散热器浴缸工作，提前备好热水。
225,空气能浴缸散热器的使用方法,CN105380551A,A47K3/04; F24D15/04; F24D19/10,空气能浴缸散热器的使用方法，空气能浴缸散热器，包括有散热浴缸、空气能装置以及控制器，散热浴缸包括有双层浴缸、内胆以及内盘，双层浴缸由外层缸与内层缸密封连接构成，外层缸与内层缸之间设有密封型腔，内胆设于密封型腔内；内盘套在内层缸内，散热器设于内胆内，内胆内设有导热油，散热浴缸设有热水泵；作为采暖散热器使用时，利用空气能装置将散热浴缸的密封型腔内的水加热，利用散热浴缸将热量散发于室内空间；作为洗浴或者泡浴使用时，利用热水泵将密封型腔内的水抽到散热浴缸的内层缸，利用空气能装置对内层缸的洗浴水加热保温；利用手机以及互联网实施对控制器实施远程控制，在外面提前控制空气能浴缸散热器工作，提前备好热水。
226,智能节能散热器浴缸,CN105380552A,A47K3/04; F24D19/10,智能节能散热器浴缸，包括有散热浴缸以及控制器，散热浴缸包括有双层浴缸、浴缸垫、供热电磁阀、电动放水阀以及供水电磁阀；控制器设有供水按钮、排水按钮、供热按钮、温度传感器、液位传感器、感应开关、蓝牙装置、温控器以及智能控制开关，双层浴缸设有密封型腔；作为散热器使用时，将供暖系统的热水通入密封型腔内，利用双层浴缸的内缸将热量散发于室内空间；作为洗浴或者泡浴使用时，将自来水放入双层浴缸，利用供暖系统的热水通过内缸将自来水加热；利用手机以及互联网实施对智能节能散热器浴缸的远程智能控制，在外面提前控制智能节能散热器浴缸工作，提前备好热水。
227,智能空气能浴缸散热器,CN105387619A,F24H4/02; F24H7/00; F24H9/20; F28D21/00,智能空气能浴缸散热器，包括有散热浴缸、空气能装置以及控制器，散热浴缸包括有双层浴缸、内胆以及内盘，双层浴缸由外层缸与内层缸密封连接构成，外层缸与内层缸之间设有密封型腔，内胆设于密封型腔内；内盘套在内层缸内，散热器设于内胆内，内胆内设有导热油，散热浴缸设有热水泵；作为采暖散热器使用时，利用空气能装置将散热浴缸的密封型腔内的水加热，利用散热浴缸将热量散发于室内空间；作为洗浴或者泡浴使用时，利用热水泵将密封型腔内的水抽到散热浴缸的内层缸，同时，利用空气能装置对内层缸的洗浴水加热保温；利用手机以及互联网实施对控制器实施远程控制，在外面提前控制智能空气能浴缸散热器工作，提前备好热水。
228,空气能浴缸散热器,CN105387618A,F24H4/02; F24H7/00; F24H9/20; F28D21/00,空气能浴缸散热器，包括有散热浴缸、空气能装置以及控制器，散热浴缸包括有双层浴缸、内胆以及内盘，双层浴缸由外层缸与内层缸密封连接构成，外层缸与内层缸之间设有密封型腔，内胆设于密封型腔内；内盘套在内层缸内，散热器设于内胆内，内胆内设有导热油，散热浴缸设有热水泵；作为采暖散热器使用时，利用空气能装置将散热浴缸的密封型腔内的水加热，利用散热浴缸将热量散发于室内空间；作为洗浴或者泡浴使用时，利用热水泵将密封型腔内的水抽到散热浴缸的内层缸，同时，利用空气能装置对内层缸的洗浴水加热保温；利用手机以及互联网实施对控制器实施远程控制，在外面提前控制空气能浴缸散热器工作，提前备好热水。
229,节能散热器浴缸,CN105402802A,F24D13/04; F24D19/10; F24H1/18; F24H9/18; F24H9/20; F24H9/00,节能散热器浴缸，包括有散热浴缸以及控制器，散热浴缸包括有双层浴缸、浴缸垫、供热电磁阀、电动放水阀以及供水电磁阀；控制器设有供水按钮、排水按钮、供热按钮、温度传感器、液位传感器、感应开关、蓝牙装置、温控器以及智能控制开关，双层浴缸设有密封型腔；作为散热器使用时，将供暖系统的热水通入密封型腔内，利用双层浴缸的内缸将热量散发于室内空间；作为洗浴或者泡浴使用时，将自来水放入双层浴缸，利用供暖系统的热水通过内缸将自来水加热；利用供水按钮、排水按钮、供热按钮实施手动控制；利用手机以及互联网实施对节能散热器浴缸的远程智能控制，在外面提前控制节能散热器浴缸工作，提前备好热水。
230,一种船舶多电机电力分配系统,CN105416556A,B63J3/00,本发明公开了一种船舶多电机电力分配系统，包括电源处理模块和电机组，所述电源处理模块包括主变电站，所述输出电源的输出端电连接电压检测仪三的输入端，所述电压检测仪三的输出端电连接处理器的输入端，所述扭矩传感器和过压传感器的输出端均电连接处理器的输入端。该船舶多电机电力分配系统，输入电源电连接电源处理模块，能够对电源进行初步的处理，保证了电机组在正常电压下工作，电源处理模块中设有多个中断开关，且主、副变电站均电连接有电压检测仪，能够对输出的电压进行实时的监控，设有反馈单元，且反馈单元分别电连接各个中断开关，便于对各级电源处理装置进行保护，且能够保证电机组的正常运作。
231,电动车充电仓口,CN105428924A,H01R13/66; H01R13/46; B62D25/24,本发明提供电动车充电仓口，包括充电仓口壳体，所述充电仓口壳体的左侧设置有仓口固定板，所述仓口固定板的上方设置有充电仓口盖，所述充电仓口壳体的右侧的底部设置有电瓶接线柱，所述充电仓口壳体的内部的左侧设置有USB外充插口，所述USB外充插口的下方设置有充电仓口插口，所述微变压装置固定安装在充电仓口壳体的内部，所述USB外充控制装置固定安装在微变压装置的左侧。与现有技术相比，本发明具有如下的有益效果：本发明的电动车充电仓口的USB外充插口输出适用于手机等电子设备电压，方便人们外出时对手机等电子设备的充电，避免了人们外出时电子设备充电的难题。
232,一种提示可连接无线局域网络的方法及系统,CN105263120A,H04W4/02; H04W12/08; H04W28/02; H04W76/02; H04W84/12,本发明公开了一种提示可连接无线局域网络的方法及系统，该方法包括：判断移动终端是否消耗大于设定阈值的移动数据网络流量，若是，则获取所述移动终端当前地理位置；判断所述移动终端当前地理位置是否处于预先存储的可用无线局域网络覆盖区域，若是，则执行用户提醒。本发明提供的方法，由于能判断移动终端是否能使用比移动数据网络廉价的无线局域网络进行上网，来减少移动数据网络流量浪费，从而节省手机费用的开支；此外，还可以提示用户通过无线局域网络获得更佳的上网体验效果。
233,一种Android系统支持QT APP的实现方法,CN105260196A,G06F9/44,本发明公开了一种Android系统支持QT？APP的实现方法，所述实现方法首先使Ministro服务能作为Android系统的系统应用程序运行，其次将QT程序依赖的QT库以及其他文件部署到Android系统中，不需通过Ministro服务联网下载，从而使应用程序直接运行。本发明通过修改Android镜像的方式使Android系统支持QT？APP，不需用户联网下载相关QT库等文件，不需通过Ministro服务联网下载，从而使应用程序直接运行，具有一定的安全性。
234,一种全智能自动换气新风系统,CN105258271A,F24F7/08; F24F11/00; F24F13/28; F24F13/30,本申请公开了一种全智能自动换气新风系统包括：智能进风系统模块、智能出风系统模块以及智能控制系统模块，所述智能进风系统模块，用于将室外新鲜空气更换到室内，与所述智能出风系统模块及所述智能控制系统模块通过钣金箱体包覆方式、利用螺钉相连接；所述智能出风系统模块，用于将室内污浊空气排出室外，与所述智能进风系统模块通过钣金箱体包覆方式、利用螺钉相连接，与所述智能控制系统模块通过箱体外挂方式、利用螺钉相连接；所述智能控制系统模块，用于控制所述智能进风系统模块和所述智能出风系统模块的运行，与所述智能进风系统模块和所述智能出风系统模块通过螺钉方式相连接。如此方案，实现了自动换气，并能通过移动设备控制新风换风。
235,一种基于移动智能终端的一键报警系统,CN105389962A,G08B25/08; G08B25/10,本发明公开了一种基于移动智能终端的一键报警系统。所述一键报警系统包括智能终端子系统、路灯感应子系统、中心指控子系统和移动通信网络，所述智能终端子系统和所述路灯感应子系统分别通过所述移动通信网络与所述中心指控子系统进行通信。所述一键报警系统通过移动通信网，将路灯中的感应器与智能终端中的一键报警APP软件相关联，当遇到危险情况时，可实现一键快速报警、迅速取得当前位置视频图像并通知附近民警等功能，具有报警安全、快捷，现场图像可视和避免虚警等优点。所述智能终端包括智能手机、智能手环、智能手表、车载智能终端等智能设备，所述一键报警系统适用于安装有智能路灯的街道、景区、公园等公共场所。
236,客户端游戏向网页游戏移植的方法、网页游戏系统及终端,CN105404539A,G06F9/445; G06F17/30,本发明公开了一种端游向网页游戏移植的方法，包括：通过网页前端响应用户浏览网页的请求，从网页服务器下载所述网页的内容并显示到浏览器窗口上；加载所述网页上的插件，通过所述插件生成插件窗口且以子窗口方式挂接在所述浏览器窗口中，并生成游戏启动指令；所述启动指令带有插件窗口参数；根据所述游戏启动指令启动游戏引擎进程以调用本地的游戏资源，并根据所述插件窗口参数生成与所述插件窗口对应大小的游戏窗口挂接在所述插件窗口中。本发明公开的一种客户端游戏向网页游戏移植的方法，在开发应用层只有一套代码的情况下，能快速实现从独立窗口的客户端游戏解决方案到网页游戏解决方案的移植。本发明还公开了一种网页游戏系统及终端。
237,智能机顶盒,CN105407370A,H04N21/41; H04N21/418; H04N21/426; H04N21/434; H04N21/436,本发明公开了一种智能机顶盒，包括：中央处理器、与所述中央处理器连接的Android？DVB（安卓数字视频广播）处理模块、智能卡、存储器、信号处理模块、摄像头和音视频输入输出模块；与所述Android？DVB？处理模块连接的高频头；与所述信号处理模块连接的通信模块和网络模块。所述智能机顶盒的使用方法包括：工作场所使用、个人使用及家庭使用。本发明所提供的智能机顶盒不仅能与智能移动终端的电话系统同步，获取此类设备中的通讯录，还可对电话系统进行管理，对接入或拨出的电话进行分机处理。
238,一种手机及其按键结构,CN105405696A,H01H13/26; H04M1/23,本发明提供一种手机及其按键结构，所述按键结构用于按压偏心设置于所述按键结构下方的开关，所述按键结构包括：承按台；按压部，其连接于所述承按台的第一侧、并往下延伸与所述开关对应；所述按压部与所述开关之间设置有按压间隙；固定部，其设置于与所述第一侧相对的、所述承按台的第二侧；所述固定部与所述承按台之间通过一弹性臂连接，其中，所述按压部包括与所述开关接触的第一状态以及与所述开关分离的第二状态，所述弹性臂使得所述按压部从所述第一状态恢复到所述第二状态。本发明提供的按键结构，用于按压一偏心设置的开关，所述按键结构简单，生产工艺也比较简单，降低了成本，提升了适用性。
239,一种智能光线路自动切换系统,CN105429696A,H04B10/038; H04Q11/00,本发明提供一种智能光线路自动切换系统，属于光纤通信领域，包括主用线、备用线、光耦合器、光路开关、感应模块、控制器模块、无线通信模块和远程控制设备；光耦合器的输入端与主用线和备用线连接；光耦合器的输出端经感应模块与控制器模块的输入端连接；控制器模块的输出端与光路开关连接；控制器模块与无线通信模块连接；无线通信模块与远程控制设备无线连接；使用光耦合器与主用线和备用线连接，把光纤内的光波耦合进感应模块，感应模块把光信号转为数字信号传给控制器模块，实现光纤信号的实时采集；当采集主光纤信号时发现传输出现问题时，控制器模块控制光路开关切换光纤线路，实现线路自动切换；解决现有光纤通信系统不能自动切换传输通道的问题。
240,一种超长待机无线门磁装置,CN105405232A,G08B13/08,一种超长待机无线门磁装置，包括门磁设备、供电电池、无线芯片、服务器、移动终端，所述供电电池和无线芯片安装在门磁设备内，所述门磁设备通过无线芯片无线联网，并与服务器无线通信连接，所述服务器无线联网。本发明通过无线技术进行联网和通信，可免去布线和无线中继的不便，节约成本；本发明通过超低功耗的待机模式，实现超长待机时间；同时，功能更加完善，可同时检测门磁开关状态。
241,方便携带的充电宝,CN105406550A,H02J7/00,本发明公开了方便携带的充电宝，包括充电宝本体，所述本体一侧设置有弹性带，所述弹性带一端固定在所述本体上，另一端通过魔术贴可拆卸连接，所述本体另一侧设置有用于夹持手机的夹持部，所述本体上设置有容纳腔，所述容纳腔内设置有转动轴，所述转动轴上设置有充电口，所述充电口上插设有充电线，所述充电线绕于所述转动轴上。该种充电宝能够将充电宝固定在手臂上，并且将手机固定在充电宝上，使得充电宝和手机携带更方便，同时能够将充电线收纳到容纳腔内，使得充电宝与充电线一起存储，较为整洁方便。
242,一种振动马达及移动终端,CN105376372A,H04M1/02; H04M1/725,本发明公开了一种振动马达，包括马达本体，所述马达本体设有正引线与反引线两根引线，所述正引线与所述反引线均与所述马达本体的驱动电路及线圈连接，当所述驱动电路向所述正引线与所述反引线输入电平信号时：向所述正引线周期性地依次输入正电平信号及负电平信号，在一个信号输入周期内所述正电平信号的输入时间长度与所述负电平信号的输入时间长度相同，且所述正电平信号的绝对值大小与所述负电平信号的绝对值大小相同；向所述反引线保持输入零电平信号。本发明的一种振动马达及移动终端，使放置在桌面上的智能手机不会因为振动马达的振动而向一个方向持续移动，进而从个桌面跌落到地下，降低了智能手机摔坏的风险。
243,电力业电能交易多节点信息智能流转装置及其使用方法,CN105389284A,G06F13/40; G06F13/42; G06Q50/06,<b>本发明涉及电力业信息流转设备技术领域，是一种电力业电能交易多节点信息智能流转装置及其使用方法，该电力业电能交易多节点信息智能流转装置包括母终端装置和不少于一个的子终端装置，母终端装置包括母终端MCU控制单元、CAN模块和母终端外围模块，母终端外围模块分别通过CAN模块与母终端MCU控制单元电连接，母终端外围模块包括MAC分析模块、母终端打印扫描模块、母终端传真模块和母终端通信接口。本发明使用方便，通过嵌入式通信、模块化计算总成、实时高速CAN模块等实现信息智能流转，解决了现有电力业电能交易无法完成交易过程信息的智能流转、数据智能计算、通信智能优化、人工耗时较大、效率低下的问题。</b>
244,智能眼镜,CN105388616A,G02B27/01; A61M16/06,一种智能眼镜，包括镜框(1)，镜框(1)内部设置有第一空气通道(101)，第一空气通道(101)的一端连通至外部供气装置；镜片(2)，镜片(2)设置于镜框(1)上，镜片(2)的至少一部分是半透半反镜；成像器件(3)，成像器件(3)设置于镜框(1)上，成像器件(3)设置为将图像投射在镜片(2)上；以及呼吸道延伸式鼻形罩(4)，呼吸道延伸式鼻形罩(4)与镜框(1)连接，包括内层(5)和包覆于内层(5)外侧的外层(6)，内层(5)与外层(6)之间形成第二空气通道(102)，第二空气通道(102)与第一空气通道(101)的另一端连通。这种智能眼镜兼具呼吸鼻罩的功能和优点，能够提供视、听、味、触的多种体验。
245,一种云平台、基于二维码的智能家电控制系统及方法,CN105404167A,G05B15/02; G05B19/418,本发明公开了一种云平台、基于二维码的智能设备控制系统及方法，其中平台包括存储模块、接收模块、生成模块、解码模块，其中，存储模块，用于预存所有智能家电控制信息，建立智能家电控制信息列表；接收模块，用于接收用户选择的智能家电的控制信息，控制信息包括智能家电标识、智能家电控制指令集；生成模块，用于根据二维码编码技术将用户选择的智能家电的控制信息列表生成唯一控制二维码；解码模块，用于将控制二维码进行解码，获取用该控制二维码对应的智能家电的控制信息列表。本发明通过生成统一的控制二维码实现一次扫描获取所有智能设备的控制信息的目的，降低了智能设备控制步骤、提高了用户体验性。
246,一种学生手机使用时间的控制方法,CN105407234A,H04M1/725,本发明公开了一种学生手机使用时间的控制方法，属于手机使用时间控制技术领域。该方法先通过手机系统的管理密钥进入手机禁用时间段设置程序，对手机禁用时间段进行设置，然后禁用程序实时读取手机当前时间并进行判断，若当前时间在禁用时间段内，手机系统不处理手机输入控制信号。本发明可有效防止学生在上课时间玩手机，方法简单可靠，给学生正常使用手机提供了保障。
247,一种智能睡眠唤醒系统及智能睡眠唤醒方法,CN105407235A,H04M1/725; G06F3/0488; A61M21/00; A61B5/11; A61B5/0205,本发明公开了一种智能睡眠唤醒系统及智能睡眠唤醒方法，其中一种智能睡眠唤醒系统，包括计算机以及分别与所述计算机连接的感光传感器、重力传感器、音箱、枕头振动机构、窗帘控制机构和灯，感光传感器用于检测户外光的亮度并将检测到的数据发送到计算机，重力传感器安装于床上，重力传感器用于检测床的重量变化并将检测到的数据发送到计算机，枕头振动机构与枕头连接，窗帘控制机构与窗帘连接，窗帘控制机构用于打开窗帘，计算机根据接收到的数据分别控制窗帘控制机构、灯、音箱以及枕头振动机构启动。本发明能实时检测户外环境并根据环境自动启动，还通过采取多种唤醒方法的组合对睡眠中的人进行唤醒，极大的提高了唤醒效率。
248,一种分体式微创手术机器人的控制系统,CN105395254A,A61B34/37; A61B34/32; G05B19/04,一种分体式微创手术机器人的控制系统，它涉及一种控制系统，具体涉及一种分体式微创手术机器人的控制系统。本发明为了解决现有微创手术机器人的控制系统软硬件开放性差、结构复杂、实时性不好、开发和维护不方便问题。本发明包括硬件子系统和软件子系统，所述硬件子系统包括主控制台和从手机械臂，主控制台包括枢纽工控机、控制面板、脚踏开关、控制电路、第一主操作手、第二主操作手、显示器、3D显示系统和工业路由器，枢纽工控机由供电结构、第一数据接口、第二数据接口、第三数据接口和通信接口。本发明属于微创手术领域。
249,用于机器人灵巧手拇指的自锁性外展内收机构,CN105397823A,B25J15/00,用于机器人灵巧手拇指的自锁性外展内收机构，它涉及一种外展内收机构。现有的机器人灵巧手拇指机构难以实现人手对掌运动功能的问题。本发明中蜗轮蜗杆传动机构设置在手掌板框架的一侧，蜗轮蜗杆传动机构上设置有驱动电路板，拇指支撑座位于手掌板框架的另一侧，手掌板框架上设置有绝对位置传感器；电机的输出轴与蜗杆同轴设置，电机的输出轴通过减速器与蜗杆的一端相连接，蜗轮轴设置在拇指支撑座靠近手掌板框架的一侧，拇指支撑座远离手掌板框架的一侧设置有机器人灵巧手拇指机构，所述绝对位置传感器包括电位计和转接电路板，电位计固接在转接电路板上，控制电路可拆卸连接在辅助基座上。本发明用于控制机器人灵巧手机构的对掌运动。
250,一种家用心电检测仪,CN105342601A,A61B5/0402,本发明公开了一种家用心电检测仪，包括壳体、心电测量电极和心电检测电路板；心电检测电路板包括放大器A1、放大器A2、MCU单片机、电源管理模块、缓存器、MicroSD卡和无线蓝牙模块；心电测量电极采集的心电信号输入放大器A1，心电测量电极的两信号相加后输入放大器A2，放大器A2放大后的信号作为右腿驱动电压反馈到输入端；放大器A1放大后的信号经A/D转换成数字心电信号并由MCU单片机内部的数据处理模块进行滤波处理；无线蓝牙模块将心电数据传输到接收终端。该检测仪体积小，重量轻、携带方便；可实现无线传输功能，可以将心电数据实时传输到手机、平板等终端上，然后通过手机、平板等终端查看心电波形，发送给远程的医生，进行远程诊断。
251,一种基于移动平台的全景拍摄系统及方法,CN105376471A,H04N5/225; H04N5/232; H04M1/02; H04M1/725,本发明公开了一种基于移动平台的全景拍摄方法，包括：打开前置相机和后置相机；读取前置相机和后置相机拍摄的图片或视频流以及实时的预览视频流；对两路图像分别作处理，包括图像矫正，色彩调整，噪点消除，曝光及对比度调整；图像特征点的提取、筛选及匹配；图像配准、拼接、融合；全景图像及视频的压缩及存储；图像渲染显示到手机屏幕上。系统包括：两个鱼眼镜头和一个加固机构；两个鱼眼镜头通过加固机构安装在手机或者平板的前置摄像头和后置摄像头上。本发明提出了一种基于移动平台拍摄全景图像以及视频的方法，较好地解决了现有全景拍摄方法存在成本高、拍摄过程繁琐、需要独立拍摄设备、无法录制全景视频的问题。
252,用于牙科手机的防尘结构,CN105380718A,A61C1/16,提供一种用于牙科手机的防尘结构，具有机头壳，机头壳内设有机芯，机芯主要包括机芯涡轮以及由机芯涡轮带动旋转的机芯大轴，所述机芯大轴通过轴承件支撑于机头壳内，轴承件包括前端轴承和后端轴承，所述机头壳内制有凹槽Ⅰ，且凹槽Ⅰ设于前端轴承的下方，凹槽Ⅰ内设有防尘盖，所述防尘盖为中空柱状件，且其中空内壁与机芯大轴外壁紧密适配，防尘盖的外部制有开口向下用于更改回吸路径的凹槽Ⅱ。本发明结构简单，易于实现，通过防尘盖以及凹槽Ⅰ解决了前端轴承的污染磨损问题，较现有技术具有更加稳定耐用的特性，客观上延长了手机的使用寿命。
253,智能基础体温计、体温量测系统及量测方法,CN105380616A,A61B5/01; A61B10/00,本发明公开了一种智能基础体温计、体温量测系统及量测方法，该体温计包括：红外传感器，用于采集人体体温，并将采集的数据传送至单片机；单片机，对接收到的体温数据进行处理后，驱动显示单元显示体温数据，并通过通讯单元将体温数据发送至智能手机端；显示单元，用于显示体温数据；通讯单元，用于智能基础体温计与智能手机端的无线通信，本发明无需接触也不再需要耗费太多时间来获取体温值，并配合智能手机端实现基础体温的实时监控和记录，通过记忆曲线可查近期的体温变化情况，方便备孕女性随时掌握排卵期的基础体温变化。
254,一种多功能手机充电壳,CN105406547A,H02J7/00; H02J7/35,"本发明公开了一种多功能手机充电壳,包括太阳能电池板、稳压电路限流保护模块、充电保护器、锂电池，开关型升压器、USB输出接口、无线充电接口、外置设备充满电检测系统和二极管。该多功能手机充电壳集传统充电模式、无线充电模式和太阳能充电模式于一体的多功能充电手机壳，运用了太阳能充电技术、高效率开关升压电源、锂电池充电保护技术、无线远程充电技术等技术；能有效增强手机的续航能力，提高手机壳的实用性；采用防辐射材料，降低了辐射的危险性；本发明手机壳体积小、便携性高，充分利用清洁无污染的太阳能，实现了手机充电的随意性；本发明充电模式多样化，不仅美观，而且提高人们生活水平。"
255,车包,CN105329352A,B62J9/00,本发明涉及一种车包，包括车包本体和车包固定座，所述车包本体的两侧设有外粘接带，所述车包固定座，包括兜部、第一连接部、第二连接部，所述兜部内两侧侧壁上分别设有内粘接带，兜部内侧底壁设有第一连接部，兜部内侧前壁上第二连接部，车包本体置于兜部内，并且通过其两侧的外粘接带与兜部内两侧的内粘接带粘接。本发明具有结构合理，使用方便，方便用户快速折装车包；兜部可以更好的保护车包。
256,基于物联网的油井注氮机监控系统,CN105334829A,G05B19/418,本发明适用于油田开采技术领域，特别是涉及一种基于物联网的油井注氮机监控系统。其包括：油井注氮机；连接于油井注氮机用于采集其工作指标参数的感应器；连接于感应器用于处理该工作指标参数的控制器；连接于控制器以传输已处理的工作指标参数的通信模块；与通信模块互联用以监控油井注氮机工作状态的中央控制计算机；与中央控制计算机互联用以查询油井注氮机监控结果的移动终端。通过各类传感器采集油井注氮机的各个工作指标参数，控制器将接收的各个工作指标参数数模转换经处理后，通过通信模块发送至中央控制计算机显示，便于及时准确的监测各个油井注氮机，根据各个油井注氮机的工作状态，安排油田的日常运转和运营调度。
257,电梯召梯通信系统,CN105347125A,B66B1/06,本发明涉及一种电梯召梯通信系统，包括电梯控制装置、发射可见光的发光体、具有可见光发射与接收模块的便携式终端、接收便携式终端发出的可见光信号的接收器、与电梯控制装置、发光体、便携式终端和接收器电性连接的光通信控制器，光通信控制器具有光通讯控制电路以及控制发光体工作的照明电路，发光体和接收器均设于电梯轿厢内。本发明光通信控制器通过发光体和接收器实现对乘客便携式终端发过来的信息进行接收、识别、分离和传输，从而实现电梯的运行指令输送、乘客个人身份识别、大楼信息系统信息交互和互联网连接，为乘客提供高速、节能、环保和便利的通信。
258,一种折叠式多功能夹持器,CN105345804A,B25J1/02; B25F1/00,本发明公开了一种折叠式多功能夹持器，包括求生组件、主伸缩杆、偏心锁、次伸缩杆、夹持模块、控制线和偏心铰链。求生组件的前端与主伸缩杆的后端通过螺纹相连接，主伸缩杆与次伸缩杆之间通过偏心锁相连接，次伸缩杆的前端与夹持模块通过偏心铰链相连接，控制线的后端置于主伸缩杆和次伸缩杆内。主伸缩杆与次伸缩杆均具有三级伸缩功能，且主伸缩杆与次伸缩杆可绕偏心锁的轴线旋转折叠；夹持模块的卡套内可装磁卡，卡套外可通过纳米微吸胶临时固定手机等设备；求生组件内设有攻击锤、刀针组件和激光手电。本发明集刷卡延长器、车底检查器、自拍杆、野外求生工具于一体，具有作业空间大、结构紧凑、功能多、携带与使用方便等特点。
259,一种用户身份识别卡盒,CN105356898A,H04B1/3816; H04W8/20,本公开公开了一种用户身份识别卡盒，属于通信领域。所述用户身份识别卡盒包括m个卡槽，通信模块和控制模块，m为大于或等于1的整数，m个卡槽中的每个卡槽中设有信号端子，控制模块分别与通信模块和每个卡槽中的信号端子连接；每个卡槽中的信号端子分别用于与插入在每个卡槽中的SIM卡的金属端子接触连接；控制模块通过通信模块接收移动终端发送的通信指令，对一个SIM卡执行通信指令对应的操作，一个SIM卡位于m个卡槽中的一个卡槽内。本公开通过将SIM卡置于SIM卡盒内，在满足用户使用要求的同时节省了手机上布置SIM卡槽的布板面积；如果用户的手机丢失，SIM卡不会丢失，防止了用户的重要信息丢失。
260,移动设备的装饰圈组件及具有其的移动设备,CN105346067A,B29C65/02; H04M1/02,本发明公开一种移动设备的装饰圈组件及具有其的移动设备。装饰圈组件包括：金属装饰圈，金属装饰圈包括底盘和环形的周壁，底盘上形成有通孔，周壁连接在底盘的外周壁上，周壁的顶部形成有向外延伸的翻边；塑料装饰圈，金属装饰圈和塑料装饰圈为独立成型件，成型后的塑料装饰圈外套在周壁上。本发明的移动设备的装饰圈组件，不但结构简单，而且避免了相关技术中的因塑料装饰圈和金属装饰圈模内注塑成型造成的外观不良，有利于提高装饰圈组件的良率，从而在一定程度上降低成本，而且金属装饰圈和塑料装饰圈的单独成型可以不受模内注塑工艺的限制，有利于做出外观精致的装饰圈组件。
261,一种老人健康智能监护系统,CN105354431A,G06F19/00,本发明提供一种老人智能健康监护系统，包括便携的生理参数监测终端组和位置数据传输中继模块、服务器与移动设备客户端。生理参数监测终端组由一个或多个不同的小型生理参数监测终端组成，监测数据通过蓝牙发送给位置数据传输中继模块；位置数据传输中继模块、服务器和移动设备客户端三者通过移动通信方式形成相互的数据通信；本发明利用微型传感器件，结合当前的物联网和互联网资源，实现了对老人的身体特征的无人实时监护，并能在第一时间监测到老人突发疾病，从而可以提供最快的医疗救护，提高老人的生活质量。该系统具有结构合理，易使用，免维护，扩展性好等优点。
262,信用卡在线交易防伪的系统及其方法,CN105354708A,G06Q20/34; G06Q20/38; G06Q20/40,本发明为一种信用卡在线交易防伪系统及其方法，系统包括在线交易防伪系统，在线交易防伪系统联机在消费者电子商务端与验证、授权单位端之间，在线交易防伪系统与验证、授权单位端可依据信用卡的不同交易风险级别，以执行相对应的认证或相对应的认证与授权，在线交易防伪系统包括多元信息认证模块、认证手机实时身份认证模块、数据库，以及消费行为分析模块，消费行为分析模块分析数据库中持卡消费者历史消费记录，判断交易风险级别，启动多元信息认证模块或认证手机实时身份认证模块以对应不同认证机制，以达到辨认信用卡在线交易的风险而减少网络商户的风险成本的功能。
263,一种收容盒,CN105342108A,A45C11/24; A45C15/00,一种收容盒。涉及办公用品领域。提供了一种结构简单、使用方便，可有效收纳规整办公用品的收容盒。包括盒体，所述盒体顶面上开设有键槽形的容置槽，所述容置槽的侧壁上设有跑道状的胀紧圈，所述胀紧圈由柔性材料制成、且胀紧圈的外壁与所述容置槽的内壁固定连接。本发明使用时可将一些常用的办公用品直接插在胀紧圈内，如手机、笔、尺等，通过由柔性材料制成的胀紧圈简单、有效的卡住此类常用的办公用品，从而有效的收纳规整办公桌上的办公用品，进而起到调整人们工作情绪、提高工作效率的效果。
264,移动终端的屏幕亮度调整方法、系统及移动终端,CN105355188A,G09G5/10,本发明提出一种移动终端的屏幕亮度调整方法、系统及移动终端，其中，该方法包括：检测移动终端是否处于手动亮度调节模式；如果是，则比较当前的环境光强度与当前的屏幕亮度对应的极限光强度，其中，手动亮度调节模式中每个屏幕亮度对应于一个极限光强度；如果当前的环境光强度大于当前的屏幕亮度对应的极限光强度，则控制移动终端由手动亮度调节模式转换至自动亮度调节模式。根据本发明的移动终端的屏幕亮度调整方法，可以避免手动亮度调节模式下设定好屏幕亮度在环境光强度变化至很高时无法满足用户需求，从而避免用户看不清屏幕而引起不满和抱怨，提升了移动终端的使用体验。
265,一种家用便捷智能闹钟终端,CN105357390A,H04M1/725,本发明涉及电子设备技术领域，特别涉及一种能够通过智能手机设定，家用便捷智能闹钟终端，由终端本体、滑动开关、滑动功能键、发声装置、蓝牙模块、记忆模块、控制触发模块、电源模块组成，能够通过智能手机设定，放置在床头或者固定在床头周围，根据设置实行闹钟功能的终端。
266,一种无线SIM卡传输协议的随机接入及安全控制,CN105357769A,H04W74/00; H04W12/00,本发明属于移动通信终端领域。本发明公开了一种适用于在移动通信终端和SIM卡之间无线数据传输的随机接入及安全控制的流程和方法，使得移动通信终端和SIM卡之间通过无线传输接口能够透明而安全地传输数据。通过通信终端接口设备和智能型SIM卡卡座设备之间的随机接入信道，使得它们之间的无线数据数据信道能够及时有效地建立的同时，也节省了智能型SIM卡卡座设备的功率消耗。本发明还通过只共享于通信终端接口设备和智能型SIM卡卡座设备两端的鉴权密钥和鉴权算法，使得它们之间能够建立起安全的无线通信链路，保障了他们之间数据传输的安全。
267,一种具有智能图书馆功能的云技术应用智能家居,CN105376319A,H04L29/08,本发明为一种具有智能图书馆功能的云技术应用智能家居，其通过有线或无线的方式，将用户发出的多媒体需求信息传输给云服务器，然后借助云服务器的数据存储、分析、处理和编辑能力，搜集数据库中存储的数字图书馆的相关数据，并进行综合分析、判断和编辑，一方面，云服务器将结果形成控制指令，以有线或无线的方式反馈给信息处理器，信息处理器通过有线或无线的方式，将控制指令传输给多媒体设备，使多媒体设备按照控制指令运行另一方面，云服务器将结果反馈给用户，供用户根据实际情况选择具体的阅读方式，同时，云服务器自动存储相关的编辑、处理数据，形成档案，供用户查询使用，具有控制方便、功能强大、更加全面、专业、人性化、智能化等特点。
268,一种现场控制的安措杆升降系统,CN105370093A,E04H17/24,本发明公开了一种现场控制的安措杆升降系统，包括设置在地面以下的设备室、安措杆、第一轴承座、第二轴承座、电动机和控制单元；其有益效果是：采用自动安措杆后，人员在布置工作现场时，不需要再搬用大量的安措杆，只需要将埋在地下的自动安措杆升起即可，工作效率有明显得提升，在现在无人值守模式下的变电站，自动安措杆的使用将使工作更加便捷高效；将自动安措杆与移动设备和电脑相连接，可以远程操作安措杆的升降，这样人员就可以查看到，工作区域的整体情况，确保了安全措施的准确性；并且可以在运维人员赶赴变电站的同时，将该站的安全措施布置完成，有效的节约了时间，提高了工作效率。
269,一种全媒体在线编辑工具,CN105376502A,H04N5/262; H04N5/265; H04N5/278; H04N21/845; H04N21/8543,本发明涉及一种全媒体在线编辑工具。包括：一应用服务器：基于HTML5技术的JQuery框架，用于处理数字出版物的在线编辑，并自动生成模板；一云端服务器：用于存储应用服务器中创建，能够直接调用的模板以及用于编辑的资源，且能够基于web调用后浏览显示；一跨平台、跨终端的应用模板：模板可以在不同平台不同型号的终端自适应呈现。因此，本发明具有如下优点：（1）功能完备，利用它能够很好的实现资源的利用和重组；通过在线阅读和编辑功能可以使资源得到更充分的利用；（2）安全性好，能够实现数据可靠通信（3）系统具有可扩展性，可根据自己的需要和爱好进行选择和创作，实现资源的二次利用。
270,一种新型手机维修工作台,CN105364806A,B25H1/12,本发明提供一种新型手机维修工作台，包括支架、外壳，其特征在于还包括收集抽屉、支撑板、收集孔、盖板、清扫笔、保护胶垫、收集槽，所述支架上侧安装有外壳，所述外壳一侧连接有盖板，所述外壳侧边开设有清扫笔安装口，所述外壳侧边安装有收集抽屉和清扫笔，所述清扫笔安装在外壳侧边的清扫笔安装口处。本发明的保护胶垫安装在支撑板上后四周形成收集槽，手机修理完成后可以利用清扫笔沿收集槽对工作台进行清扫，保证了工作台的整洁。当不使用时将盖板放下，对工作台起到遮挡保护作用，不仅避免工作台受到损，也避免了粉尘的堆积，便于工作台下次使用。
271,多功能酿酒装置,CN105368678A,C12G3/12,本发明提供的一种多功能酿酒装置，包括装置本体、设置于装置本体的用于对酿酒过程进行实时监控的监控单元以及与监控单元连接的监控终端，所述装置本体包括加热锅和冷却锅，所述加热锅侧壁设置有加料口，所述冷却锅设置有冷却水管，所述冷却锅设置于加热锅上部，所述监控单元包括控制器、酒精浓度检测模块、温度传感模块、压力传感模块和通信模块，所述酒精浓度检测模块、温度传感模块和压力传感模块分别与控制器连接，所述控制器通过通信模块与监控终端连接；本发明操作简单、方便、快捷，结构简单，便于使用，密封性能好，易于加工，材料成本不高，体积小，蒸馏效果好，实时对酿酒过程进行远程监控，节能减排，高效环保。
272,远程可视化酿酒设备,CN105373096A,G05B19/418,本发明提供的一种远程可视化酿酒设备，包括装置本体、设置于装置本体的用于对酿酒过程进行实时监控的监控单元以及与监控单元连接的监控终端，所述装置本体包括加热锅和冷却锅，所述加热锅侧壁设置有加料口，所述冷却锅设置有冷却水管，所述冷却锅设置于加热锅上部，所述监控单元包括控制器、酒精浓度检测模块、温度传感模块、压力传感模块和通信模块，所述酒精浓度检测模块、温度传感模块和压力传感模块分别与控制器连接，所述控制器通过通信模块与监控终端连接；本发明操作简单、方便、快捷，结构简单，便于使用，密封性能好，易于加工，材料成本不高，体积小，蒸馏效果好，实时对酿酒过程进行远程监控，节能减排，高效环保。
273,老人无线呼吸监测床垫,CN105362017A,A61G7/05; A61B5/08,本发明公开了老人无线呼吸监测床垫，包括床垫主体，床垫主体内设有无线呼吸监测电路，无线呼吸监测电路包括应变片测量模块、一阶低通滤波电路、二阶低通滤波电路、放大电路、控制器、AD转化模块、蓝牙模块，蓝牙模块用于将呼吸频率数值发送给手机或者平板电脑，应变片测量模块连接一阶低通滤波电路，一阶低通滤波电路连接二阶低通滤波电路，二阶低通滤波电路连接放大电路，放大电路连接AD转化模块，AD转化模块和蓝牙模块都连接控制器，本发明设抗干扰能力强，大大提高了准确率；本发明的能及时查看呼吸频率数值，不需要守护在老人旁边，使用更加方便。
274,一种智能家居电视、电视系统及其控制方法,CN105392038A,H04N21/422,一种智能家居电视、电视系统及其控制方法，它包括智能电视本体和智能电视本体内安装的RF无线通信模块、远程控制终端、被控家电控制器和无线传感器模块，RF无线通信模块与智能电视本体的处理器双相连接，远程控制终端与RF无线通信模块的上行通信信号端双相连接，RF无线通信模块的下行通信信号端与被控家电控制器、无线传感器模块双相连接该智能家居电视可被控家电控制器包括照明、幕帘、空调、调光和风扇控制器中一种或多种。本发明将智能家居系统和智能电视相结合，利用智能电视的安卓操作系统和硬件平台，就能实现传统智能家居系统所能实现的所有智能家居的功能。
275,微型气象预测装置及其气象预测方法,CN105388538A,G01W1/10,本发明涉及气象预测技术，目的是为了解决现有的气象预测装置无法携带，不能满足单个用于移动情况下对天气进行实时预测分析的需求的问题。本发明提供一种微型气象预测装置包括气象数据采集模块及智能移动终端，气象数据采集模块包括能量采集及存储模块、第一蓝牙模块，智能移动终端包括定位模块、远程气象数据获取模块、处理分析模块及第二蓝牙模块，能量采集及存储模块与第一蓝牙模块连接，定位模块、远程气象数据获取模块、第二蓝牙模块与处理分析模块连接；处理分析模块根据远程气象数据获取模块获取的环境气象数据及采集的气象数据信息对当前位置的天气变化趋势进行预测。本发明适用于气象预测分析。
276,基于物联网的穿戴设备及系统,CN105380614A,A61B5/01; A61B5/02; A61B5/021; A61B5/0205; A61B5/11,本发明适用于智能穿戴技术领域，特别是涉及一种基于物联网的穿戴设备及系统。该系统包括：设置于穿戴设备内的控制器，以及连接于所述控制器以采集用户体征参数的感应器；连接于所述控制器用以传输体征参数的通信模块；与所述通信模块互联用以监控用户监控状态的中央控制计算机，与所述中央控制计算机互联用于交互用户健康状态的移动终端。通过各类传感器采集用户的体征参数，根据监控的体征参数轻松了解穿戴者的身体状态，当穿戴者的身体状态出现状况，可根据穿戴者情况及时相应报警信号，降低穿戴者的监控成本，达到精确监控的目的。
277,一种通用集成展现技术在多系统集成中的应用方法,CN105389153A,G06F3/14,本发明提供一种通用集成展现技术在多系统集成中的应用方法，包括：分布式部署的原子的集成：针对多个信息应用系统中的展示原子进行统一集成展现；多终端操作控制：可使用手机、平板、电脑、激光笔等终端进行控制，并可进行解说词提示；展示项目的自由切换：可以针对制定的屏幕根据需要灵活切换展示项目，展示原子与页面美化背景分离：本发明使用层级显示技术使背景和展示原子的分离，减少界面开发工作量以及后期需求变动的开发成本，支持按照约定规则自动替换展示原子背景实现展示原子和背景的无缝集成展现。
278,一种以物联网为基础的安全生产监控系统,CN105388870A,G05B19/418; H04N7/18,本发明公开了一种以物联网为基础的安全生产监控系统，包括隐患点监测层、信息传输层和综合服务层，基于物联网技术，集物理量和电气量数字采集、监测监控、越限报警和高清视频联动为一体，将园区中各个企业的安全隐患的位置、设施、关键点等进行集中联网控制和处理，实现了无人值守，实时全天候动态自动监测监控，自动处理预警报警信息，从而解决了产业园区生产安全分散不易监控的难题，大大提高了生产安全的集中监控、集中处理效率，能够为企业的生产活动保驾护航，预防重大生产事故发生。
279,均布荷载增压装置、三维边坡破坏模型试验装置和方法,CN105388067A,G01N3/10; G01N3/02; G01B11/16,本发明公开了一种均布荷载增压装置、三维边坡破坏模型试验装置和方法，属于用机械应力测试固体材料的强度特性技术领域。该增压装置包括平板、施力单元、增压机构，施力单元用于施加作用点在平板上的作用力，平板直接接触作用力的承载物，增压机构用于增加承载物能够对外施加的力的大小。该试验装置基于该增压装置而实现。该试验方法基于该试验装置而实现。该增压装置能够使得荷载均布，再进一步通过增压机构使该承载物能够对外施加的力的大小增加时，能够使该增加的荷载也均布。该试验装置和方法测试后得到的加载部位破坏过程中的试验结果更接近现实场景，能够为相关的工程设计提供更加精准的理论依据。
280,基于电子标签的防落东西智能提醒装置及方法,CN105389607A,G06K17/00,一种基于电子标签的防落东西智能提醒装置，用于智能检测用户穿门而过时是否忘带物品并提示报警，包括射频识别读写单元和射频识别电子标签，射频识别读写单元固定安装在门上，包括RFID射频部、控制部以及天线，其特征在于：还包括语音提醒单元，同控制部连接，用来接受指令并语音提醒用户出门时忘带的东西名称；其中，射频识别电子标签黏贴在用户出门时带的物品上，控制部用来储存控制程序和数据并发出控制指令，天线作为发射和接收的媒介用来发射和接收电磁信号，射频识别读写单元还包括同用户持有的智能通信终端通信的通信部，射频识别电子标签内写有物品名称、物主信息，用来识别物品名和该物的归属。
281,一种基于云计算服务的智能家居系统,CN105391606A,H04L12/28; H04L29/08,本发明公开了一种基于云计算服务的智能家居系统，属于智能家居及物联网技术领域。本智能家居系统包括家电控制系统、安防报警系统、社区服务系统、门禁系统、可视对讲系统、云服务器、信息处理器、移动终端和智能网关，所述家电控制系统、安防报警系统、社区服务系统、门禁系统、可视对讲系统分别通过智能网关与云服务器相连，移动终端和信息处理器分别与云服务器相连。本发明利用云计算服务器强大的存储能力和计算能力，将家庭家居设备的实时运行数据和环境的实时监控数据进行上传，用户利用个人移动终端，根据云终端对各种数据的分析和处理结果，实现对家居情况的实时了解和远程控制。
282,智能停车系统,CN105390022A,G08G1/14,本发明是涉及一种智能停车系统。其包括：安装于车位以确定该车位是否停车的地磁传感器和超声波传感器，与所述磁感应器、超声波传感器均相连的控制器，连接于所述控制器用以获取停车位上车辆车牌号的摄像头，连接于所述控制器传输识别信息的通信模块，连接于所述通信模块管理车位信息的中央控制计算机，与所述中央控制计算机互联用于获取车位信息的移动终端。将剩余车位信息已图表和地理位置方位的方式呈现给用户，用户可通过移动终端查询相应车位信息，使用户在未达到目的地时，便可精确了解车位信息，不仅减少时间、提高了车位的利用率，同时，相应地减少了上路上交通拥堵。
283,基于体感感应器的温室省力化自动跟随作业平台,CN105404299A,G05D1/02,本发明公开了一种基于体感感应器的温室省力化自动跟随作业平台，其特征在于，包括六个部分：图像采集装置、图像处理和数据处理模块、省力化运输平台控制器、省力化运输平台执行装置、遥控控制装置和辅助设备；其中，图像采集装置、图像处理和数据处理模块、省力化运输平台控制器全部安装于省力化运输平台执行装置的运输小车上；本发明采用骨骼追踪和深度图像结合，得到省力化平台与最近操作者之间的距离和周围场景的障碍物信息，根据障碍物高度和长度选择避障方式。
284,迷你手机(H3),CN303617893S,G05D1/02,1．本外观设计产品的名称：迷你手机(H3)。2．本外观设计产品的用途：本外观设计产品用于通讯，可通过蓝牙与手机相连，达到拨号功能，并具有计算器功能。3．本外观设计产品的设计要点：产品的外形设计。4．最能表明本外观设计设计要点的图片或照片：主视图。5．省略视图：立体图，无设计要点。
285,一种具有音箱功能的充电桌,CN205105377U,H04R1/20; H02J7/00; H02J50/00,本实用新型涉及无线充电领域，尤其涉及一种具有音箱功能的充电桌，包括桌架、面板、无线充电座和桌脚，所述的桌架为中空且无顶盖的箱体，所述桌架内设有若干无线充电座且安装方式为可拆卸式安装，所述桌架内设有喇叭，所述桌架顶部设有面板，所述面板通过合页与桌架连接，所述面板顶面还配合无线充电座设有标志区，本实用新型通过将桌架掏空成共鸣腔，使得充电桌具有了音箱的功能，音箱可以和外部的手机之间通过蓝牙连接，手机充电时可直接通过音箱播放歌曲，另外通过将无线充电座可拆卸式的安装在桌架内，维修时只需开启面板即可拿出无线充电座进行进一步维修，无线充电座不嵌入面板内，不会产生散热问题。
286,一种电动座椅的调节系统,CN205097990U,B60N2/23; B60N2/48,本新型提供了一种电动座椅的调节系统，包括头枕调节装置和座椅调节装置，头枕调节装置和座椅调节装置分别设置有第一驱动装置和第二驱动装置，第一驱动装置和第二驱动装置均设置有步进电机；在座椅部上还设置有能接收外界信号的信号接收器，信号接收器通过控制系统与第一驱动装置和第二驱动装置连接，实现了利用其他控制端例如手机APP来对头枕和座椅进行调节的目的，相比现有技术，本新型使用更方便。
287,手机用充电转换器,CN105428945A,H01R31/06; H02J7/02,本发明公开了一种手机用充电转换器，设置有两根金属线，金属线的一端分别接触电池的充电端，另一端分别连接有针筒状充电插座，两根金属线及其针筒状充电插座之间包覆有绝缘材料；本发明手机无需断电关机就能方便的完成充电任务，而且使用一个充电器就能完成对所有的手机电池充电的任务。
288,一种带USB充电功能的为苹果iWatch充电时放置的支架,CN205104951U,H02J7/00,本实用新型公开了一种带USB充电功能的为苹果IWatch充电时放置的支架，包括放置座、支架主体和底座，其特征是，所述放置座包括放置座外壳、设于放置座外壳内的硅胶内壳，硅胶内壳内设有圆槽；支架主体包括支架外壳，支架外壳上端连接放置座，支架外壳内设有绕线器；支架外壳下端连接底座，底座包括底座外壳和底板；所述底座外壳和底板组成安装腔体，安装腔体内设有PCB板，PCB板设有充电电路、USB母座、DC母座。放置座外壳和硅胶内壳设有缺口，硅胶内壳内的圆槽用于放置iWatch智能手表的原装磁感应充电线电线，原装磁感应充电线电线穿过缺口，经绕线器整理，与PCB板上的USB母座连接。所述支架外壳下端与底座外壳相卡接，底座外壳的上表面设有防滑皮垫，底板下面设有防滑硅胶垫。
289,手机支架,CN205105282U,H04M1/12,本实用新型公开了一种手机支架，包括由下至上依次连接的底座、支杆和托架，其中，还包括连在所述支杆上的蓝牙音箱(1)，所述支杆的下段为直杆(2)、上段为可扭曲的扭杆(3)，所述蓝牙音箱连在所述直杆上。相比现有技术，本实用新型结构简单、不但能够支撑手机和平板电脑，还设置了蓝牙音箱，从而可以改善手机和平板电脑的音频质量，使用时，只需通过蓝牙与手机平板对接即可大大提升视频播放音质，有效解决利用手机和平板电脑支架支撑手机或平板电脑观看视频面临的音质不佳问题。且本实用新型的支杆的下段为直杆，更稳固，上段为可扭曲的扭杆，可提供全方位的观看角度，非常实用。
290,基于无线通信模式的三相异步电机降温监控及保护装置,CN105425741A,G05B19/418,本发明公开了一种基于无线通信模式的三相异步电机降温监控及保护装置，包括监控中心计算机、GPRS网络、协调器、无线监控终端节点、传感器组件和报警与执行组件、智能网关、云服务器以及智能手机终端，所述协调器通过所述GPRS网络与所述监控中心计算机和所述无线监控终端节点通信连接，所述传感器组件和所述报警与执行组件分别与所述无线监控终端节点相连接，所述协调器通过所述智能网关和所述云服务器与所述智能手机终端进行远程无线通信。通过上述方式，本发明监控准确率高，及时迅速发现问题，减少人工检查的操作误差，节省人力，提高了工作效率，是对远距离分散的多个同时运行的三相异步电机进行统一管理的最有效技术手段。
291,一种太阳能接线板,CN105245183A,H02S40/34; H02S40/32; H02S40/38,本发明涉及一种接线板，特别涉及一种太阳能接线板。现代户外活动的晚上，只有简单的照明，无法满足手机充电，笔记本充电等其他用电需要。本发明提供了一种太阳能接线板，包括接线板和太阳能电池（2），其特征在于：接线板设置在太阳能电池（2）的侧面，和太阳能电池（2）内的转换装置连接，转换装置和太阳能电池内（2）内的电池板连接。本发明的太阳能电源板，由太阳能转化为电能，同时，将接线板和太阳能电池作为一个整体，携带方变，同时满足了各种用电需求。
292,远程视频监控无线传输装置,CN105245861A,H04N7/18; H04M1/725; G08C17/02; G05B19/418,一种属于生活设备技术领域的远程视频监控无线传输装置，包括无线信号发送接收器、控制器、电源、手机、中央处理器、命令翻译器、控制模块，手机放置在用餐者身上，第一无线信号发送接收器、控制器、电源均于桌面的下端面固结在一起，中央处理器、命令翻译器、第二无线信号发送接收器、控制模块均布置在手机内。在本发明中，用餐桌可以通过自己的手机来控制餐桌上放置菜品的旋转体旋转以及其他辅助功能。本发明结构合理，设计简单，适用于餐桌智能化设计。
293,智能家居监控开锁管理系统及其控制方法,CN105404166A,G05B15/02; G05B19/418,本发明包含视频监控模块、WiFi解锁模块、服务器管理模块三大模块，彼此之间是相互联系的。视频监控模块采用H264编解码技术和RTSP协议，用户手机应用能够实时显示与平板连接的摄像头的视频，和实时获取IPcamera网络摄像头设备的视频，而且还可以截取摄像头视频图片发送到服务器中。WiFi开锁模块利用AllJoyn技术实现内网与外网两种方式开锁，而且还可以发送门锁状态到服务器中。服务器管理模块保存用户手机号、姓名、视频监控模块发送的图片和WiFi解锁模块发送的门锁开关信息。还可以对图片信息进行危险处理，如果图片中有危险信息或者门锁长时间处于开状态就通过短信模块发送信息到用户手机中。
294,一种调整手机天线工作频率的方法、手机,CN105406888A,H04B1/40; H01Q1/24; H01Q3/22,本发明涉及了一种调整手机天线工作频率的方法、手机，其中，手机包括：频率调整单元、线圈单元、NFC芯片；其中，所述频率调整单元，用于根据受理终端的工作频率向所述线圈单元发送控制命令；所述线圈单元，用于根据所述控制命令选择手机天线的工作频率；所述NFC芯片，用于手机天线的工作频率与受理终端的工作频率匹配后，完成支付工作。本技术方案提高手机天线的适配性，可以和各种受理终端进行配合工作，提升手机支付的实用性.从而起到推广移动支付的作用。
295,ETC电子标签车载单元OBU及其发行和储值系统,CN105405175A,G07B15/06,本发明提供了一种支持与移动终端通信的ETC电子标签车载单元OBU，包括支持电子钱包的用户卡和ETC电子标签，所述ETC电子标签包括处理器和与其连接的OBU安全模块、蓝牙收发器、NFC标签、5.8GHz微波通信模块、与用户卡通信的高频读写模块。相对于现有技术，本发明所述的支持与移动终端通信的ETC电子标签车载单元OBU具有以下优势：拥有更丰富的通讯接口和通讯方式，可以使ETC用户获得更佳的使用体验，方便用户申领、安装ETC电子标签以及方便用户充值等业务，同时减少营业网点业务压力，节约运营成本。
296,基于无人飞行器的点对点送达系统及其送达方法,CN105398571A,B64C27/08; G05D1/10; B64C39/02; G06Q10/08; G06Q50/28,一种基于无人飞行器的点对点送达系统及其送达方法，该系统包括第一终端(1)、第二终端(2)、云端服务器(3)和无人飞行器(4)，与所述云端服务器(3)无线通信的所述第一终端(1)包括第一无线通信模块(5)和第一定位模块(6)，与所述云端服务器(3)无线通信的所述第二终端(2)包括第二无线通信模块(7)和第二定位模块(8)，所述第一终端(1)向所述第二终端(2)发出运送信号且所述第二终端(2)确认后，所述第一定位模块(6)和第二定位模块(8)分别发送第一位置和第二位置到所述云端服务器(3)，所述云端服务器(3)发送运送指令给所述无人飞行器(4)使得所述无人飞行器(4)从第一位置飞往第二位置。
297,一种便携式多功能颈枕,CN105394989A,A47G9/10; A61H23/02,本发明涉及一种便携式多功能颈枕包括：架体、按摩器、颈托和固定夹，所述架体上固定连接按摩器，所述按摩器镶嵌于颈托内，所述固定夹穿装于架体上，所述架体上凿有滑槽，固定夹沿架体上的滑槽滑动，所述固定夹安装有销栓，架体上的滑槽内侧设有限位孔，固定夹上的销栓与架体上滑槽内的限位孔卡接，本发明适用于跟中车座、火车和飞机的座椅上使用，既能够让我们更好的休息又能按摩放松，还可以让我们更加方便快捷的观看手机，携带方便。
298,人体坠落自动报警系统,CN105384014A,B66B1/06; B66B5/02; B66B5/00,一种属于电梯设备技术领域的人体坠落自动报警系统，包括无线信号发送接收器、重力加速度传感器、地磁传感器、报警器、推进器、阻拦板、弹簧、缓冲板，垂直电梯井布置在楼房内，电梯门布置在垂直电梯井的前壁面上，轿厢布置在垂直电梯井内，轿厢的顶部通过链条与电机相连接，第一无线信号发送接收器布置在电梯门的顶部，中央处理器、第二无线信号发送接收器、重力加速度传感器、地磁传感器布置在手机内。在本发明中，控制器通过无线信号发送接收器监测到带有手机的人靠近电梯门时，就会控制轿厢在此层楼房停留；当监测到有人坠入电梯井时，就会采取急救措施。本发明设计合理，结构简单，适应于电梯安全系统的设计。
299,手机介入式小型网络系统,CN105384021A,B66B5/00,一种属于电梯设备技术领域的手机介入式小型网络系统，包括垂直电梯井、轿厢、手机、无线信号发送接收器、重力加速度传感器、地磁传感器、报警器、弹射器，垂直电梯井布置在楼房内，电梯门布置在垂直电梯井的前壁面上，轿厢布置在垂直电梯井内，轿厢的顶部通过链条与电机相连接，第一无线信号发送接收器布置在电梯门的顶部，中央处理器、第二无线信号发送接收器、重力加速度传感器、地磁传感器布置在手机内。在本发明中，控制器通过无线信号发送接收器监测到带有手机的人靠近电梯门时，就会控制轿厢在此层楼房停留；当监测到有人坠入电梯井时，就会采取急救措施。本发明设计合理，结构简单，适应于电梯安全系统的设计。
300,物联网自助电动车智能预约系统及控制方法,CN105391137A,H02J7/00; H02J13/00,<b>一种物联网自助电动车智能预约系统及控制方法。电动汽车作为一种发展前景广阔的绿色交通工具，今后的普及速度会异常迅猛，未来的市场前景也是异常巨大的。一种物联网自助电动车智能预约系统，其组成包括：户外设备（</b><b>4</b><b>）、充电设备（</b><b>3</b><b>）、监控层设备（</b><b>1</b><b>）、变电与配电设备（</b><b>2</b><b>），户外设备分别与充电设备和监控层设备连接，充电设备和变电与配电设备连接，变电配电设备与监控层设备连接，监控层设备具有站控层以太网服务器（</b><b>5</b><b>），站控层以太网服务器分别与操作员工作站（</b><b>9</b><b>）、打印机（</b><b>10</b><b>）、计费管理服务器（</b><b>11</b><b>）、配电自动化终端设备（</b><b>6</b><b>）、视频服务器</b><b>7</b><b>和规约转换器（</b><b>8</b><b>）连接。本发明应用于充电桩管理系统。</b>
301,手机信号反应式自动开门系统,CN105398891A,B66B1/06,一种属于电梯设备技术领域的手机信号反应式自动开门系统，包括垂直电梯井、电梯门、电机、链条、轿厢、轿厢门、控制器、手机、无线信号发送接收器、重力加速度传感器、地磁传感器，垂直电梯井布置在楼房内，电梯门布置在垂直电梯井的前壁面上，轿厢布置在垂直电梯井内，轿厢的顶部通过链条与电机相连接，第一无线信号发送接收器布置在电梯门的顶部，中央处理器、第二无线信号发送接收器、重力加速度传感器、地磁传感器布置在手机内。在本发明中，控制器通过第一无线信号发送接收器监测到带有手机的人靠近电梯门时，就会控制轿厢在此层楼房停留。本发明设计合理，结构简单，适应于电梯安全系统的设计。
302,意外踏空坠落监控系统,CN105398930A,B66B29/00,一种属于电梯设备技术领域的意外踏空坠落监控系统，包括无线信号发送接收器、重力加速度传感器、地磁传感器、报警器、推进器、阻拦板、气垫，垂直电梯井布置在楼房内，电梯门布置在垂直电梯井的前壁面上，轿厢布置在垂直电梯井内，轿厢的顶部通过链条与电机相连接，第一无线信号发送接收器布置在电梯门的顶部，中央处理器、第二无线信号发送接收器、重力加速度传感器、地磁传感器布置在手机内。在本发明中，控制器通过无线信号发送接收器监测到带有手机的人靠近电梯门时，就会控制轿厢在此层楼房停留；当监测到有人坠入电梯井时，就会采取急救措施。本发明设计合理，结构简单，适应于电梯安全系统的设计。
303,失重信号快速接收反应系统,CN105398899A,B66B5/00; B66B1/14; B66B5/02,一种属于电梯设备技术领域的失重信号快速接收反应系统，包括手机、无线信号发送接收器、重力加速度传感器、地磁传感器、报警器、气垫，垂直电梯井布置在楼房内，电梯门布置在垂直电梯井的前壁面上，轿厢布置在垂直电梯井内，轿厢的顶部通过链条与电机相连接，第一无线信号发送接收器布置在电梯门的顶部，中央处理器、第二无线信号发送接收器、重力加速度传感器、地磁传感器布置在手机内。在本发明中，控制器通过无线信号发送接收器监测到带有手机的人靠近电梯门时，就会控制轿厢在此层楼房停留；当监测到有人坠入电梯井时，就会采取急救措施。本发明设计合理，结构简单，适应于电梯安全系统的设计。
304,一种双模定位导航伞,CN105361377A,A45B11/00; A45B9/02; G01S19/45; G01C21/26,本发明公开了一种双模定位导航伞包括伞柄和伞体，其特征在于，所述的伞柄上设置的双模定位导航组件安装腔内设置有双模定位导航电路板所述的双模定位导航电路板上设置有主控模块、双模定位模块、存储模块、存储器、按键模块、电源模块，路线规划模块、路线预警模块、返回提醒模块，本发明结构合理，可实现定位、导航、远程求救、通话等功能。
305,一种义齿及其制作方法,CN105380724A,A61C13/09,本发明涉及一种义齿，具体公开了一种义齿及其制作方法。本发明的产品包括内冠，所述内冠作为基本支架，采用3D打印形成义齿的基本结构，内冠最外侧包覆有体瓷层，所述体瓷层是采用瓷粉在内冠外表面采用氧化锆材料经过切割、研磨、烧结制成，在体瓷层与内冠之间设有膏状体，膏状体用来填充体瓷层与内冠之间的空隙。本发明采用的氧化锆全瓷牙制作方法，包括数据采集、对数据的处理等过程以及全方位的三维扫描方式和数据传输等手段可以产生高清晰的牙齿仿真还原图像，使得制作得到的义齿的参数更精确，更贴合人体口腔。
306,一种对讲机系统,CN105376661A,H04Q5/24; H04W4/02,本发明公开一种对讲机系统，包括一个服务器和至少一个对讲机，所述对讲机包括GPS定位模块、网络通信模块、显示屏模块，所述GPS定位模块和所述网络通信模块、显示屏模块相连。本发明的有益效果在于，传统的对讲机间可能会因为距离的问题与别的对讲机无法通信，导致无法确认其他对讲机的位置，本系统通过网络通信，很好的解决了上述问题。
307,一种智能安全家居系统,CN105389939A,G08B19/00,本发明公开了一种智能安全家居系统，属于预警技术领域。智能安全家居系统包括气体感应器、门磁感应器、水位传感器和无线通讯装置，气体感应器、门磁感应器和水位传感器都设置在房门上，房门上设置门铃和摄像头，通过门铃触发摄像头摄像并将图像发送至所述的无线通讯装置，通过气体感应器、门磁感应器和水位传感器实现天然气泄漏报警、房门入侵报警和漏水报警并将报警信息和画面传送至所述的无线通讯装置。本发明结构简单、检测功能繁多，通过安装于房门上的气体感应器、门磁感应器和水位传感器实现天然气泄漏报警、房门入侵报警和漏水报警并将报警信息和画面传送至所述的无线通讯装置，从而实现远程报警，也提高了房门的安全性和实用性。
308,便携式电子装置充电控制系统及方法,CN105391138A,H02J7/00,本发明揭示了一种便携式电子装置充电控制系统及充电控制方法，该便携式电子装置充电控制系统包括：充电开关，设在便携式电子装置上，供使用者操作控制开关状态；充电控制电路，用以与充电插头连接对便携式电子装置的内置电池进行充电；侦测单元，与充电开关连接，用以侦测充电开关的开关状态；定时器单元，用以控制充电启动时间；控制单元，与侦测单元连接，接收侦测单元输出的充电开关的状态，当该便携式电子装置与充电器连接时，如果充电开关为关闭状态，则充电控制电路直接向内置电池进行充电，如果充电开关为断开状态，则启动定时器，在使用者设定的充电启动时间到达时控制充电控制电路向内置电池进行充电。
309,一种电子请假系统及电子请假方法,CN105389694A,G06Q10/10,本发明涉及电子信息技术领域，具体公开了一种电子请假系统及电子请假方法，本发明提供的电子请假系统包括服务器，请假设备和审批设备，所述请假设备和所述审批设备分别通过网络平台与所述服务器进行通信。本发明提供的电子请假系统，用于学校学生请假时，给学生、教师、家长和管理人员带来了非常便利的信息共享，避免了学校对学生禁用手机之后请假的诸多不便，可以较好的约束学生的行为，保证学生的安全。
310,一种社区便捷管理系统,CN105389752A,G06Q50/16; G07C9/00; G06Q20/32; G06Q20/40; G06Q20/34,本发明公开了一种社区便捷管理系统。属于一种生活管理领域。其技术方案为社区人员需要到物业管理办事处办理一张便捷卡，所述便捷卡有唯一的一个账号，所述账号可以绑定银行卡、手机号码、车牌号码。所述银行卡可以实现随时随地给便捷卡充值，然后通过便捷卡或绑定的手机号码在社区的超市购买物品或网上缴纳水电费及拿卡到物业管理处刷卡代缴。所述绑定的车牌号可以实现社区车辆管理。所述的便捷卡和绑定的手机号码还可以作为门禁的通过方法。本发明的有益效果在于：给予社区的管理带来方便，社区人员更安全，日常生活消费更方便。
311,一种弱磁检测方法,CN105403922A,G01V3/08,本发明属于物品检测技术领域，具体涉及一种弱磁检测方法，其以被测物微弱的磁场特征为基础进行检测。本发明技术方案可以将被测物区分为具体类别，包括而不限于：人体类别，眼镜饰品类别，手机耳机等通讯录音设备类别，钥匙手表类别，管制刀具类别和其他类别。在本发明方法的基础原理上，进一步的开发出的产品包括而不限于：手机探测门，无辐射金属安检门，包裹检测机和金属无损探伤设备等。本发明在利用被测物磁场特性区分被测物类别的基础上，达到有针对性地进行检测的目的，显著降低误报率。
312,可充电的自拍杆,CN105407196A,H04M1/11; F16M13/04,本发明本属于日常生活用品领域，特别涉及可充电的自拍杆。一种可充电的自拍杆，包括杆体，还包括握持部，所述握持部外部有USB接口。所述握持部内部设有可充电的电池和与所述电池电性连接的单片机。本发明的有益效果在于，传统的自拍杆功能单一，而本发明的自拍杆可以给手机充电，使用方便。
